/*******************************************************************************
 * Size: 40 px
 * Bpp: 4
 * Opts: --font .tools/inter_tune.ttf --size 40 --bpp 4 --format lvgl --no-compress --lv-font-name inter_tune -o components/pip_board/inter_tune.c --range 0x20-0x7e --symbols ’
 ******************************************************************************/

#ifdef LV_LVGL_H_INCLUDE_SIMPLE
#include "lvgl.h"
#else
#include "lvgl/lvgl.h"
#endif

#ifndef INTER_TUNE
#define INTER_TUNE 1
#endif

#if INTER_TUNE

/*-----------------
 *    BITMAPS
 *----------------*/

/*Store the image of the glyphs*/
static LV_ATTRIBUTE_LARGE_CONST const uint8_t glyph_bitmap[] = {
    /* U+0020 " " */

    /* U+0021 "!" */
    0x4f, 0xff, 0xf7, 0x4f, 0xff, 0xf6, 0x4f, 0xff,
    0xf6, 0x4f, 0xff, 0xf6, 0x3f, 0xff, 0xf6, 0x3f,
    0xff, 0xf5, 0x3f, 0xff, 0xf5, 0x3f, 0xff, 0xf5,
    0x2f, 0xff, 0xf5, 0x2f, 0xff, 0xf4, 0x2f, 0xff,
    0xf4, 0x2f, 0xff, 0xf4, 0x1f, 0xff, 0xf4, 0x1f,
    0xff, 0xf3, 0x1f, 0xff, 0xf3, 0x1f, 0xff, 0xf3,
    0xf, 0xff, 0xf3, 0xf, 0xff, 0xf2, 0xf, 0xff,
    0xf2, 0xb, 0xbb, 0xb1, 0x0, 0x0, 0x0, 0x0,
    0x0, 0x0, 0x0, 0x0, 0x0, 0x3, 0x9a, 0x50,
    0x4f, 0xff, 0xf6, 0xbf, 0xff, 0xfe, 0xcf, 0xff,
    0xff, 0x7f, 0xff, 0xfa, 0x8, 0xef, 0xa0,

    /* U+0022 "\"" */
    0xef, 0xff, 0x60, 0xa, 0xff, 0xfb, 0xef, 0xff,
    0x60, 0xa, 0xff, 0xfa, 0xdf, 0xff, 0x50, 0x9,
    0xff, 0xf9, 0xcf, 0xff, 0x40, 0x8, 0xff, 0xf9,
    0xcf, 0xff, 0x40, 0x7, 0xff, 0xf8, 0xbf, 0xff,
    0x30, 0x7, 0xff, 0xf7, 0xaf, 0xff, 0x20, 0x6,
    0xff, 0xf7, 0xaf, 0xff, 0x20, 0x5, 0xff, 0xf6,
    0x9f, 0xff, 0x10, 0x5, 0xff, 0xf5, 0x8f, 0xff,
    0x0, 0x4, 0xff, 0xf5, 0x8f, 0xff, 0x0, 0x3,
    0xff, 0xf4, 0x25, 0x55, 0x0, 0x1, 0x55, 0x51,

    /* U+0023 "#" */
    0x0, 0x0, 0x0, 0x0, 0xcf, 0xfa, 0x0, 0x0,
    0x0, 0x8f, 0xfe, 0x0, 0x0, 0x0, 0x0, 0x0,
    0xe, 0xff, 0x80, 0x0, 0x0, 0xb, 0xff, 0xc0,
    0x0, 0x0, 0x0, 0x0, 0x1, 0xff, 0xf5, 0x0,
    0x0, 0x0, 0xdf, 0xf9, 0x0, 0x0, 0x0, 0x0,
    0x0, 0x4f, 0xff, 0x30, 0x0, 0x0, 0xf, 0xff,
    0x60, 0x0, 0x0, 0x0, 0x0, 0x6, 0xff, 0xf0,
    0x0, 0x0, 0x3, 0xff, 0xf4, 0x0, 0x0, 0x0,
    0x0, 0x0, 0x9f, 0xfd, 0x0, 0x0, 0x0, 0x5f,
    0xff, 0x10, 0x0, 0x0, 0x0, 0x0, 0xb, 0xff,
    0xb0, 0x0, 0x0, 0x8, 0xff, 0xe0, 0x0, 0x0,
    0x0, 0x0, 0x0, 0xef, 0xf8, 0x0, 0x0, 0x0,
    0xaf, 0xfc, 0x0, 0x0, 0x0, 0x3f, 0xff, 0xff,
    0xff, 0xff, 0xff, 0xff, 0xff, 0xff, 0xff, 0xff,
    0xd0, 0x6, 0xff, 0xff, 0xff, 0xff, 0xff, 0xff,
    0xff, 0xff, 0xff, 0xff, 0xfa, 0x0, 0x8f, 0xff,
    0xff, 0xff, 0xff, 0xff, 0xff, 0xff, 0xff, 0xff,
    0xff, 0x80, 0x4, 0x77, 0x7c, 0xff, 0xe7, 0x77,
    0x77, 0x7a, 0xff, 0xf7, 0x77, 0x72, 0x0, 0x0,
    0x0, 0xbf, 0xfb, 0x0, 0x0, 0x0, 0x8f, 0xff,
    0x0, 0x0, 0x0, 0x0, 0x0, 0xe, 0xff, 0x80,
    0x0, 0x0, 0xa, 0xff, 0xc0, 0x0, 0x0, 0x0,
    0x0, 0x0, 0xff, 0xf6, 0x0, 0x0, 0x0, 0xdf,
    0xf9, 0x0, 0x0, 0x0, 0x0, 0x0, 0x3f, 0xff,
    0x30, 0x0, 0x0, 0xf, 0xff, 0x70, 0x0, 0x0,
    0x0, 0x0, 0x6, 0xff, 0xf0, 0x0, 0x0, 0x2,
    0xff, 0xf4, 0x0, 0x0, 0x0, 0x0, 0x0, 0x8f,
    0xfe, 0x0, 0x0, 0x0, 0x5f, 0xff, 0x20, 0x0,
    0x0, 0xe, 0xff, 0xff, 0xff, 0xff, 0xff, 0xff,
    0xff, 0xff, 0xff, 0xff, 0xf2, 0x1, 0xff, 0xff,
    0xff, 0xff, 0xff, 0xff, 0xff, 0xff, 0xff, 0xff,
    0xff, 0x0, 0x4f, 0xff, 0xff, 0xff, 0xff, 0xff,
    0xff, 0xff, 0xff, 0xff, 0xff, 0xd0, 0x2, 0x66,
    0x69, 0xff, 0xf8, 0x66, 0x66, 0x67, 0xff, 0xfa,
    0x66, 0x64, 0x0, 0x0, 0x0, 0x5f, 0xff, 0x10,
    0x0, 0x0, 0x2f, 0xff, 0x40, 0x0, 0x0, 0x0,
    0x0, 0x8, 0xff, 0xe0, 0x0, 0x0, 0x5, 0xff,
    0xf2, 0x0, 0x0, 0x0, 0x0, 0x0, 0xbf, 0xfb,
    0x0, 0x0, 0x0, 0x8f, 0xff, 0x0, 0x0, 0x0,
    0x0, 0x0, 0xd, 0xff, 0x90, 0x0, 0x0, 0xa,
    0xff, 0xc0, 0x0, 0x0, 0x0, 0x0, 0x0, 0xff,
    0xf6, 0x0, 0x0, 0x0, 0xdf, 0xfa, 0x0, 0x0,
    0x0, 0x0, 0x0, 0x3f, 0xff, 0x30, 0x0, 0x0,
    0xf, 0xff, 0x70, 0x0, 0x0, 0x0, 0x0, 0x5,
    0xff, 0xf1, 0x0, 0x0, 0x2, 0xff, 0xf5, 0x0,
    0x0, 0x0, 0x0,

    /* U+0024 "$" */
    0x0, 0x0, 0x0, 0x0, 0x1, 0x88, 0x10, 0x0,
    0x0, 0x0, 0x0, 0x0, 0x0, 0x0, 0x0, 0x3,
    0xff, 0x20, 0x0, 0x0, 0x0, 0x0, 0x0, 0x0,
    0x0, 0x0, 0x3, 0xff, 0x20, 0x0, 0x0, 0x0,
    0x0, 0x0, 0x0, 0x0, 0x0, 0x3, 0xff, 0x20,
    0x0, 0x0, 0x0, 0x0, 0x0, 0x0, 0x0, 0x0,
    0x3, 0xff, 0x20, 0x0, 0x0, 0x0, 0x0, 0x0,
    0x0, 0x0, 0x38, 0xce, 0xff, 0xfd, 0xa5, 0x0,
    0x0, 0x0, 0x0, 0x0, 0x3c, 0xff, 0xff, 0xff,
    0xff, 0xff, 0xe6, 0x0, 0x0, 0x0, 0x7, 0xff,
    0xff, 0xff, 0xff, 0xff, 0xff, 0xff, 0xb0, 0x0,
    0x0, 0x7f, 0xff, 0xff, 0xff, 0xff, 0xff, 0xff,
    0xff, 0xfb, 0x0, 0x3, 0xff, 0xff, 0xfa, 0x33,
    0xff, 0x22, 0x8f, 0xff, 0xff, 0x70, 0xa, 0xff,
    0xff, 0x50, 0x3, 0xff, 0x20, 0x2, 0xef, 0xff,
    0xe0, 0xf, 0xff, 0xfa, 0x0, 0x3, 0xff, 0x20,
    0x0, 0x5f, 0xff, 0xf3, 0x1f, 0xff, 0xf5, 0x0,
    0x3, 0xff, 0x20, 0x0, 0xd, 0xdd, 0xd4, 0x1f,
    0xff, 0xf5, 0x0, 0x3, 0xff, 0x20, 0x0, 0x0,
    0x0, 0x0, 0xf, 0xff, 0xfb, 0x0, 0x3, 0xff,
    0x20, 0x0, 0x0, 0x0, 0x0, 0xa, 0xff, 0xff,
    0x90, 0x3, 0xff, 0x20, 0x0, 0x0, 0x0, 0x0,
    0x3, 0xff, 0xff, 0xfe, 0x85, 0xff, 0x20, 0x0,
    0x0, 0x0, 0x0, 0x0, 0x6f, 0xff, 0xff, 0xff,
    0xff, 0x71, 0x0, 0x0, 0x0, 0x0, 0x0, 0x4,
    0xef, 0xff, 0xff, 0xff, 0xff, 0xd7, 0x10, 0x0,
    0x0, 0x0, 0x0, 0x7, 0xdf, 0xff, 0xff, 0xff,
    0xff, 0xfa, 0x10, 0x0, 0x0, 0x0, 0x0, 0x3,
    0x7c, 0xff, 0xff, 0xff, 0xff, 0xf4, 0x0, 0x0,
    0x0, 0x0, 0x0, 0x3, 0xff, 0xad, 0xff, 0xff,
    0xff, 0x40, 0x0, 0x0, 0x0, 0x0, 0x3, 0xff,
    0x20, 0x3b, 0xff, 0xff, 0xe0, 0x0, 0x0, 0x0,
    0x0, 0x3, 0xff, 0x20, 0x0, 0x7f, 0xff, 0xf6,
    0x0, 0x0, 0x0, 0x0, 0x3, 0xff, 0x20, 0x0,
    0xd, 0xff, 0xfa, 0x55, 0x55, 0x30, 0x0, 0x3,
    0xff, 0x20, 0x0, 0xa, 0xff, 0xfc, 0xdf, 0xff,
    0xb0, 0x0, 0x3, 0xff, 0x20, 0x0, 0xb, 0xff,
    0xfb, 0xaf, 0xff, 0xf2, 0x0, 0x3, 0xff, 0x20,
    0x0, 0x2f, 0xff, 0xf9, 0x5f, 0xff, 0xfd, 0x10,
    0x3, 0xff, 0x20, 0x2, 0xdf, 0xff, 0xf4, 0xd,
    0xff, 0xff, 0xf8, 0x33, 0xff, 0x23, 0x8f, 0xff,
    0xff, 0xc0, 0x2, 0xff, 0xff, 0xff, 0xff, 0xff,
    0xff, 0xff, 0xff, 0xff, 0x20, 0x0, 0x3e, 0xff,
    0xff, 0xff, 0xff, 0xff, 0xff, 0xff, 0xe3, 0x0,
    0x0, 0x1, 0x9f, 0xff, 0xff, 0xff, 0xff, 0xff,
    0xf9, 0x10, 0x0, 0x0, 0x0, 0x1, 0x6a, 0xdf,
    0xff, 0xfd, 0xa6, 0x10, 0x0, 0x0, 0x0, 0x0,
    0x0, 0x0, 0x3, 0xff, 0x20, 0x0, 0x0, 0x0,
    0x0, 0x0, 0x0, 0x0, 0x0, 0x3, 0xff, 0x20,
    0x0, 0x0, 0x0, 0x0, 0x0, 0x0, 0x0, 0x0,
    0x3, 0xff, 0x20, 0x0, 0x0, 0x0, 0x0, 0x0,
    0x0, 0x0, 0x0, 0x1, 0x88, 0x10, 0x0, 0x0,
    0x0, 0x0,

    /* U+0025 "%" */
    0x0, 0x7, 0xdf, 0xfe, 0x92, 0x0, 0x0, 0x0,
    0x0, 0x0, 0x0, 0x5, 0xff, 0xf3, 0x0, 0x0,
    0x2, 0xdf, 0xff, 0xff, 0xff, 0x50, 0x0, 0x0,
    0x0, 0x0, 0x0, 0x1f, 0xff, 0x80, 0x0, 0x0,
    0xd, 0xff, 0xff, 0xef, 0xff, 0xf2, 0x0, 0x0,
    0x0, 0x0, 0x0, 0xbf, 0xfc, 0x0, 0x0, 0x0,
    0x6f, 0xff, 0x60, 0x3, 0xef, 0xfa, 0x0, 0x0,
    0x0, 0x0, 0x6, 0xff, 0xf2, 0x0, 0x0, 0x0,
    0xaf, 0xfc, 0x0, 0x0, 0x8f, 0xfe, 0x0, 0x0,
    0x0, 0x0, 0x2f, 0xff, 0x70, 0x0, 0x0, 0x0,
    0xcf, 0xf9, 0x0, 0x0, 0x5f, 0xff, 0x0, 0x0,
    0x0, 0x0, 0xcf, 0xfb, 0x0, 0x0, 0x0, 0x0,
    0xcf, 0xf9, 0x0, 0x0, 0x4f, 0xff, 0x0, 0x0,
    0x0, 0x7, 0xff, 0xf2, 0x0, 0x0, 0x0, 0x0,
    0xcf, 0xf9, 0x0, 0x0, 0x5f, 0xff, 0x0, 0x0,
    0x0, 0x3f, 0xff, 0x50, 0x0, 0x0, 0x0, 0x0,
    0xaf, 0xfd, 0x0, 0x0, 0x9f, 0xfe, 0x0, 0x0,
    0x0, 0xdf, 0xfa, 0x0, 0x0, 0x0, 0x0, 0x0,
    0x5f, 0xff, 0x81, 0x5, 0xff, 0xf9, 0x0, 0x0,
    0x9, 0xff, 0xe1, 0x0, 0x0, 0x0, 0x0, 0x0,
    0xc, 0xff, 0xff, 0xff, 0xff, 0xf1, 0x0, 0x0,
    0x4f, 0xff, 0x40, 0x0, 0x0, 0x0, 0x0, 0x0,
    0x1, 0xdf, 0xff, 0xff, 0xfe, 0x30, 0x0, 0x1,
    0xef, 0xf9, 0x0, 0x0, 0x0, 0x0, 0x0, 0x0,
    0x0, 0x6, 0xbd, 0xdc, 0x71, 0x0, 0x0, 0xa,
    0xff, 0xe0, 0x0, 0x0, 0x0, 0x0, 0x0, 0x0,
    0x0, 0x0, 0x0, 0x0, 0x0, 0x0, 0x0, 0x5f,
    0xff, 0x30, 0x0, 0x0, 0x0, 0x0, 0x0, 0x0,
    0x0, 0x0, 0x0, 0x0, 0x0, 0x0, 0x1, 0xef,
    0xf8, 0x0, 0x0, 0x0, 0x0, 0x0, 0x0, 0x0,
    0x0, 0x0, 0x0, 0x0, 0x0, 0x0, 0xb, 0xff,
    0xd0, 0x0, 0x0, 0x18, 0xcd, 0xc9, 0x30, 0x0,
    0x0, 0x0, 0x0, 0x0, 0x0, 0x0, 0x6f, 0xff,
    0x30, 0x0, 0x4, 0xff, 0xff, 0xff, 0xf8, 0x0,
    0x0, 0x0, 0x0, 0x0, 0x0, 0x2, 0xff, 0xf7,
    0x0, 0x0, 0x3f, 0xff, 0xff, 0xff, 0xff, 0x60,
    0x0, 0x0, 0x0, 0x0, 0x0, 0xc, 0xff, 0xc0,
    0x0, 0x0, 0xbf, 0xfe, 0x30, 0x2c, 0xff, 0xf0,
    0x0, 0x0, 0x0, 0x0, 0x0, 0x7f, 0xff, 0x20,
    0x0, 0x1, 0xff, 0xf6, 0x0, 0x2, 0xff, 0xf4,
    0x0, 0x0, 0x0, 0x0, 0x2, 0xff, 0xf6, 0x0,
    0x0, 0x4, 0xff, 0xf1, 0x0, 0x0, 0xef, 0xf7,
    0x0, 0x0, 0x0, 0x0, 0xd, 0xff, 0xb0, 0x0,
    0x0, 0x4, 0xff, 0xf0, 0x0, 0x0, 0xdf, 0xf8,
    0x0, 0x0, 0x0, 0x0, 0x8f, 0xfe, 0x10, 0x0,
    0x0, 0x5, 0xff, 0xf0, 0x0, 0x0, 0xdf, 0xf8,
    0x0, 0x0, 0x0, 0x3, 0xff, 0xf5, 0x0, 0x0,
    0x0, 0x4, 0xff, 0xf1, 0x0, 0x0, 0xef, 0xf7,
    0x0, 0x0, 0x0, 0xd, 0xff, 0xa0, 0x0, 0x0,
    0x0, 0x1, 0xff, 0xf5, 0x0, 0x2, 0xff, 0xf5,
    0x0, 0x0, 0x0, 0x9f, 0xfe, 0x10, 0x0, 0x0,
    0x0, 0x0, 0xcf, 0xfd, 0x20, 0xb, 0xff, 0xf0,
    0x0, 0x0, 0x4, 0xff, 0xf4, 0x0, 0x0, 0x0,
    0x0, 0x0, 0x4f, 0xff, 0xfe, 0xff, 0xff, 0x70,
    0x0, 0x0, 0x1e, 0xff, 0x90, 0x0, 0x0, 0x0,
    0x0, 0x0, 0x7, 0xff, 0xff, 0xff, 0xfa, 0x0,
    0x0, 0x0, 0xaf, 0xfd, 0x0, 0x0, 0x0, 0x0,
    0x0, 0x0, 0x0, 0x3a, 0xef, 0xfb, 0x50, 0x0,

    /* U+0026 "&" */
    0x0, 0x0, 0x0, 0x7, 0xbe, 0xff, 0xd9, 0x20,
    0x0, 0x0, 0x0, 0x0, 0x0, 0x0, 0x0, 0x4e,
    0xff, 0xff, 0xff, 0xff, 0x80, 0x0, 0x0, 0x0,
    0x0, 0x0, 0x0, 0x3f, 0xff, 0xff, 0xff, 0xff,
    0xff, 0x90, 0x0, 0x0, 0x0, 0x0, 0x0, 0xd,
    0xff, 0xff, 0xc9, 0xae, 0xff, 0xff, 0x30, 0x0,
    0x0, 0x0, 0x0, 0x5, 0xff, 0xff, 0x50, 0x0,
    0xc, 0xff, 0xfa, 0x0, 0x0, 0x0, 0x0, 0x0,
    0x9f, 0xff, 0x90, 0x0, 0x0, 0x3f, 0xff, 0xd0,
    0x0, 0x0, 0x0, 0x0, 0xa, 0xff, 0xf6, 0x0,
    0x0, 0x0, 0xff, 0xfe, 0x0, 0x0, 0x0, 0x0,
    0x0, 0xaf, 0xff, 0x70, 0x0, 0x0, 0x3f, 0xff,
    0xc0, 0x0, 0x0, 0x0, 0x0, 0x7, 0xff, 0xfb,
    0x0, 0x0, 0xc, 0xff, 0xf7, 0x0, 0x0, 0x0,
    0x0, 0x0, 0x2f, 0xff, 0xf4, 0x0, 0x1b, 0xff,
    0xfe, 0x10, 0x0, 0x0, 0x0, 0x0, 0x0, 0xbf,
    0xff, 0xe1, 0x4e, 0xff, 0xff, 0x40, 0x0, 0x0,
    0x0, 0x0, 0x0, 0x2, 0xff, 0xff, 0xef, 0xff,
    0xff, 0x50, 0x0, 0x0, 0x0, 0x0, 0x0, 0x0,
    0x6, 0xff, 0xff, 0xff, 0xfd, 0x30, 0x0, 0x0,
    0x0, 0x0, 0x0, 0x0, 0x0, 0xd, 0xff, 0xff,
    0xf9, 0x0, 0x0, 0x0, 0x0, 0x0, 0x0, 0x0,
    0x0, 0x1c, 0xff, 0xff, 0xff, 0x40, 0x0, 0x0,
    0x0, 0x0, 0x0, 0x0, 0x0, 0x3e, 0xff, 0xff,
    0xff, 0xff, 0x30, 0x0, 0x0, 0x33, 0x33, 0x0,
    0x0, 0x3f, 0xff, 0xff, 0x8e, 0xff, 0xfe, 0x10,
    0x0, 0xf, 0xff, 0xe0, 0x0, 0x1e, 0xff, 0xfe,
    0x30, 0x3f, 0xff, 0xfc, 0x0, 0x1, 0xff, 0xfd,
    0x0, 0x9, 0xff, 0xff, 0x30, 0x0, 0x4f, 0xff,
    0xfb, 0x0, 0x4f, 0xff, 0xb0, 0x0, 0xef, 0xff,
    0x80, 0x0, 0x0, 0x6f, 0xff, 0xf9, 0x9, 0xff,
    0xf8, 0x0, 0x1f, 0xff, 0xf4, 0x0, 0x0, 0x0,
    0x9f, 0xff, 0xf8, 0xff, 0xff, 0x30, 0x1, 0xff,
    0xff, 0x30, 0x0, 0x0, 0x0, 0xbf, 0xff, 0xff,
    0xff, 0xd0, 0x0, 0xf, 0xff, 0xf6, 0x0, 0x0,
    0x0, 0x0, 0xcf, 0xff, 0xff, 0xf5, 0x0, 0x0,
    0xcf, 0xff, 0xe1, 0x0, 0x0, 0x0, 0x1, 0xff,
    0xff, 0xfb, 0x0, 0x0, 0x5, 0xff, 0xff, 0xd3,
    0x0, 0x0, 0x4, 0xcf, 0xff, 0xff, 0xc0, 0x0,
    0x0, 0xb, 0xff, 0xff, 0xfd, 0xa9, 0xbe, 0xff,
    0xff, 0xff, 0xff, 0xa0, 0x0, 0x0, 0xc, 0xff,
    0xff, 0xff, 0xff, 0xff, 0xff, 0xfc, 0xff, 0xff,
    0x80, 0x0, 0x0, 0x8, 0xff, 0xff, 0xff, 0xff,
    0xff, 0xe5, 0x8, 0xff, 0xff, 0x60, 0x0, 0x0,
    0x1, 0x7b, 0xef, 0xfe, 0xc9, 0x40, 0x0, 0xa,
    0xff, 0xff, 0x40,

    /* U+0027 "'" */
    0xef, 0xff, 0x6e, 0xff, 0xf6, 0xdf, 0xff, 0x5c,
    0xff, 0xf4, 0xcf, 0xff, 0x4b, 0xff, 0xf3, 0xaf,
    0xff, 0x2a, 0xff, 0xf2, 0x9f, 0xff, 0x18, 0xff,
    0xf0, 0x8f, 0xff, 0x2, 0x55, 0x50,

    /* U+0028 "(" */
    0x0, 0x0, 0x0, 0x22, 0x22, 0x0, 0x0, 0x0,
    0x6f, 0xff, 0xc0, 0x0, 0x0, 0xe, 0xff, 0xf5,
    0x0, 0x0, 0x6, 0xff, 0xfe, 0x0, 0x0, 0x0,
    0xdf, 0xff, 0x80, 0x0, 0x0, 0x4f, 0xff, 0xf1,
    0x0, 0x0, 0xa, 0xff, 0xfc, 0x0, 0x0, 0x0,
    0xff, 0xff, 0x60, 0x0, 0x0, 0x4f, 0xff, 0xf1,
    0x0, 0x0, 0x9, 0xff, 0xfd, 0x0, 0x0, 0x0,
    0xdf, 0xff, 0x90, 0x0, 0x0, 0x1f, 0xff, 0xf5,
    0x0, 0x0, 0x4, 0xff, 0xff, 0x10, 0x0, 0x0,
    0x7f, 0xff, 0xe0, 0x0, 0x0, 0xa, 0xff, 0xfc,
    0x0, 0x0, 0x0, 0xcf, 0xff, 0xa0, 0x0, 0x0,
    0xe, 0xff, 0xf8, 0x0, 0x0, 0x0, 0xff, 0xff,
    0x60, 0x0, 0x0, 0xf, 0xff, 0xf5, 0x0, 0x0,
    0x0, 0xff, 0xff, 0x50, 0x0, 0x0, 0xf, 0xff,
    0xf5, 0x0, 0x0, 0x0, 0xff, 0xff, 0x60, 0x0,
    0x0, 0xe, 0xff, 0xf7, 0x0, 0x0, 0x0, 0xdf,
    0xff, 0x90, 0x0, 0x0, 0xa, 0xff, 0xfb, 0x0,
    0x0, 0x0, 0x7f, 0xff, 0xe0, 0x0, 0x0, 0x4,
    0xff, 0xff, 0x20, 0x0, 0x0, 0xf, 0xff, 0xf6,
    0x0, 0x0, 0x0, 0xcf, 0xff, 0xb0, 0x0, 0x0,
    0x7, 0xff, 0xff, 0x0, 0x0, 0x0, 0x1f, 0xff,
    0xf5, 0x0, 0x0, 0x0, 0xbf, 0xff, 0xb0, 0x0,
    0x0, 0x5, 0xff, 0xff, 0x10, 0x0, 0x0, 0xd,
    0xff, 0xf8, 0x0, 0x0, 0x0, 0x6f, 0xff, 0xe0,
    0x0, 0x0, 0x0, 0xdf, 0xff, 0x60, 0x0, 0x0,
    0x4, 0xff, 0xfd, 0x0,

    /* U+0029 ")" */
    0x2, 0x22, 0x10, 0x0, 0x0, 0x1f, 0xff, 0xf2,
    0x0, 0x0, 0x8, 0xff, 0xfb, 0x0, 0x0, 0x2,
    0xff, 0xff, 0x30, 0x0, 0x0, 0xbf, 0xff, 0xa0,
    0x0, 0x0, 0x5f, 0xff, 0xf1, 0x0, 0x0, 0xf,
    0xff, 0xf6, 0x0, 0x0, 0xa, 0xff, 0xfb, 0x0,
    0x0, 0x5, 0xff, 0xff, 0x10, 0x0, 0x1, 0xff,
    0xff, 0x50, 0x0, 0x0, 0xdf, 0xff, 0x90, 0x0,
    0x0, 0x9f, 0xff, 0xd0, 0x0, 0x0, 0x5f, 0xff,
    0xf0, 0x0, 0x0, 0x2f, 0xff, 0xf3, 0x0, 0x0,
    0xf, 0xff, 0xf6, 0x0, 0x0, 0xd, 0xff, 0xf8,
    0x0, 0x0, 0xb, 0xff, 0xfa, 0x0, 0x0, 0xa,
    0xff, 0xfb, 0x0, 0x0, 0x9, 0xff, 0xfc, 0x0,
    0x0, 0x8, 0xff, 0xfd, 0x0, 0x0, 0x9, 0xff,
    0xfd, 0x0, 0x0, 0x9, 0xff, 0xfc, 0x0, 0x0,
    0xb, 0xff, 0xfb, 0x0, 0x0, 0xd, 0xff, 0xf9,
    0x0, 0x0, 0xf, 0xff, 0xf7, 0x0, 0x0, 0x2f,
    0xff, 0xf4, 0x0, 0x0, 0x6f, 0xff, 0xf0, 0x0,
    0x0, 0xaf, 0xff, 0xc0, 0x0, 0x0, 0xef, 0xff,
    0x80, 0x0, 0x4, 0xff, 0xff, 0x30, 0x0, 0x9,
    0xff, 0xfd, 0x0, 0x0, 0xf, 0xff, 0xf7, 0x0,
    0x0, 0x5f, 0xff, 0xf1, 0x0, 0x0, 0xcf, 0xff,
    0x90, 0x0, 0x3, 0xff, 0xff, 0x20, 0x0, 0xa,
    0xff, 0xf9, 0x0, 0x0, 0x1f, 0xff, 0xf1, 0x0,
    0x0,

    /* U+002A "*" */
    0x0, 0x0, 0x0, 0x2f, 0xff, 0x0, 0x0, 0x0,
    0x0, 0x0, 0x0, 0x1, 0xff, 0xe0, 0x0, 0x0,
    0x0, 0x0, 0x10, 0x0, 0xf, 0xfd, 0x0, 0x0,
    0x10, 0x0, 0x5f, 0x60, 0x0, 0xff, 0xd0, 0x0,
    0x8f, 0x20, 0xe, 0xff, 0xc2, 0xe, 0xfc, 0x3,
    0xdf, 0xfb, 0x3, 0xef, 0xff, 0xf7, 0xef, 0xc9,
    0xff, 0xff, 0xd1, 0x0, 0x7e, 0xff, 0xff, 0xff,
    0xff, 0xfd, 0x50, 0x0, 0x0, 0x7, 0xef, 0xff,
    0xff, 0xd6, 0x0, 0x0, 0x0, 0x0, 0x2b, 0xff,
    0xff, 0xf9, 0x10, 0x0, 0x0, 0x2, 0xaf, 0xff,
    0xff, 0xff, 0xff, 0x81, 0x0, 0x1a, 0xff, 0xff,
    0xce, 0xfd, 0xdf, 0xff, 0xf8, 0x2, 0xff, 0xff,
    0x60, 0xef, 0xc0, 0x8f, 0xff, 0xe0, 0x8, 0xfa,
    0x10, 0xf, 0xfc, 0x0, 0x2c, 0xf5, 0x0, 0x5,
    0x0, 0x0, 0xff, 0xd0, 0x0, 0x5, 0x0, 0x0,
    0x0, 0x0, 0x1f, 0xfe, 0x0, 0x0, 0x0, 0x0,
    0x0, 0x0, 0x1, 0xff, 0xe0, 0x0, 0x0, 0x0,
    0x0, 0x0, 0x0, 0x4, 0x44, 0x0, 0x0, 0x0,
    0x0,

    /* U+002B "+" */
    0x0, 0x0, 0x0, 0x0, 0x48, 0x88, 0x20, 0x0,
    0x0, 0x0, 0x0, 0x0, 0x0, 0x0, 0x9f, 0xff,
    0x40, 0x0, 0x0, 0x0, 0x0, 0x0, 0x0, 0x0,
    0x9f, 0xff, 0x40, 0x0, 0x0, 0x0, 0x0, 0x0,
    0x0, 0x0, 0x9f, 0xff, 0x40, 0x0, 0x0, 0x0,
    0x0, 0x0, 0x0, 0x0, 0x9f, 0xff, 0x40, 0x0,
    0x0, 0x0, 0x0, 0x0, 0x0, 0x0, 0x9f, 0xff,
    0x40, 0x0, 0x0, 0x0, 0x0, 0x0, 0x0, 0x0,
    0x9f, 0xff, 0x40, 0x0, 0x0, 0x0, 0x0, 0x0,
    0x0, 0x0, 0x9f, 0xff, 0x40, 0x0, 0x0, 0x0,
    0x2a, 0xaa, 0xaa, 0xaa, 0xdf, 0xff, 0xba, 0xaa,
    0xaa, 0xa9, 0x4f, 0xff, 0xff, 0xff, 0xff, 0xff,
    0xff, 0xff, 0xff, 0xff, 0x4f, 0xff, 0xff, 0xff,
    0xff, 0xff, 0xff, 0xff, 0xff, 0xff, 0x4f, 0xff,
    0xff, 0xff, 0xff, 0xff, 0xff, 0xff, 0xff, 0xff,
    0x0, 0x0, 0x0, 0x0, 0x9f, 0xff, 0x40, 0x0,
    0x0, 0x0, 0x0, 0x0, 0x0, 0x0, 0x9f, 0xff,
    0x40, 0x0, 0x0, 0x0, 0x0, 0x0, 0x0, 0x0,
    0x9f, 0xff, 0x40, 0x0, 0x0, 0x0, 0x0, 0x0,
    0x0, 0x0, 0x9f, 0xff, 0x40, 0x0, 0x0, 0x0,
    0x0, 0x0, 0x0, 0x0, 0x9f, 0xff, 0x40, 0x0,
    0x0, 0x0, 0x0, 0x0, 0x0, 0x0, 0x9f, 0xff,
    0x40, 0x0, 0x0, 0x0, 0x0, 0x0, 0x0, 0x0,
    0x9f, 0xff, 0x40, 0x0, 0x0, 0x0, 0x0, 0x0,
    0x0, 0x0, 0x9f, 0xff, 0x40, 0x0, 0x0, 0x0,

    /* U+002C "," */
    0x0, 0x55, 0x55, 0x40, 0xf, 0xff, 0xf8, 0x2,
    0xff, 0xff, 0x40, 0x4f, 0xff, 0xf0, 0x6, 0xff,
    0xfb, 0x0, 0x9f, 0xff, 0x60, 0xb, 0xff, 0xf2,
    0x0, 0xef, 0xfd, 0x0, 0xf, 0xff, 0x90, 0x2,
    0xff, 0xf4, 0x0, 0x5f, 0xff, 0x0, 0x7, 0xff,
    0xb0, 0x0,

    /* U+002D "-" */
    0x2b, 0xbb, 0xbb, 0xbb, 0xbb, 0xbb, 0xb7, 0x3f,
    0xff, 0xff, 0xff, 0xff, 0xff, 0xfb, 0x3f, 0xff,
    0xff, 0xff, 0xff, 0xff, 0xfb, 0x3f, 0xff, 0xff,
    0xff, 0xff, 0xff, 0xfb,

    /* U+002E "." */
    0x4, 0xaa, 0x50, 0x4f, 0xff, 0xf6, 0xbf, 0xff,
    0xfd, 0xcf, 0xff, 0xfe, 0x7f, 0xff, 0xf9, 0x8,
    0xef, 0x90,

    /* U+002F "/" */
    0x0, 0x0, 0x0, 0x0, 0x0, 0x78, 0x87, 0x0,
    0x0, 0x0, 0x0, 0x1, 0xff, 0xfb, 0x0, 0x0,
    0x0, 0x0, 0x6, 0xff, 0xf7, 0x0, 0x0, 0x0,
    0x0, 0xa, 0xff, 0xf2, 0x0, 0x0, 0x0, 0x0,
    0xe, 0xff, 0xe0, 0x0, 0x0, 0x0, 0x0, 0x3f,
    0xff, 0xa0, 0x0, 0x0, 0x0, 0x0, 0x7f, 0xff,
    0x50, 0x0, 0x0, 0x0, 0x0, 0xbf, 0xff, 0x10,
    0x0, 0x0, 0x0, 0x0, 0xff, 0xfd, 0x0, 0x0,
    0x0, 0x0, 0x4, 0xff, 0xf8, 0x0, 0x0, 0x0,
    0x0, 0x8, 0xff, 0xf4, 0x0, 0x0, 0x0, 0x0,
    0xd, 0xff, 0xf0, 0x0, 0x0, 0x0, 0x0, 0x1f,
    0xff, 0xb0, 0x0, 0x0, 0x0, 0x0, 0x6f, 0xff,
    0x70, 0x0, 0x0, 0x0, 0x0, 0xaf, 0xff, 0x30,
    0x0, 0x0, 0x0, 0x0, 0xef, 0xfe, 0x0, 0x0,
    0x0, 0x0, 0x3, 0xff, 0xfa, 0x0, 0x0, 0x0,
    0x0, 0x7, 0xff, 0xf6, 0x0, 0x0, 0x0, 0x0,
    0xb, 0xff, 0xf1, 0x0, 0x0, 0x0, 0x0, 0xf,
    0xff, 0xd0, 0x0, 0x0, 0x0, 0x0, 0x4f, 0xff,
    0x90, 0x0, 0x0, 0x0, 0x0, 0x8f, 0xff, 0x40,
    0x0, 0x0, 0x0, 0x0, 0xdf, 0xff, 0x0, 0x0,
    0x0, 0x0, 0x1, 0xff, 0xfc, 0x0, 0x0, 0x0,
    0x0, 0x5, 0xff, 0xf7, 0x0, 0x0, 0x0, 0x0,
    0xa, 0xff, 0xf3, 0x0, 0x0, 0x0, 0x0, 0xe,
    0xff, 0xe0, 0x0, 0x0, 0x0, 0x0, 0x2f, 0xff,
    0xa0, 0x0, 0x0, 0x0, 0x0, 0x7f, 0xff, 0x60,
    0x0, 0x0, 0x0, 0x0, 0xbf, 0xff, 0x10, 0x0,
    0x0, 0x0, 0x0, 0xff, 0xfd, 0x0, 0x0, 0x0,
    0x0, 0x4, 0xff, 0xf9, 0x0, 0x0, 0x0, 0x0,
    0x8, 0xff, 0xf4, 0x0, 0x0, 0x0, 0x0, 0xc,
    0xff, 0xf0, 0x0, 0x0, 0x0, 0x0, 0x1f, 0xff,
    0xc0, 0x0, 0x0, 0x0, 0x0,

    /* U+0030 "0" */
    0x0, 0x0, 0x0, 0x17, 0xbe, 0xff, 0xeb, 0x60,
    0x0, 0x0, 0x0, 0x0, 0x0, 0x8, 0xff, 0xff,
    0xff, 0xff, 0xfe, 0x60, 0x0, 0x0, 0x0, 0x0,
    0xbf, 0xff, 0xff, 0xff, 0xff, 0xff, 0xf9, 0x0,
    0x0, 0x0, 0xb, 0xff, 0xff, 0xff, 0xcc, 0xff,
    0xff, 0xff, 0x80, 0x0, 0x0, 0x6f, 0xff, 0xfe,
    0x50, 0x0, 0x7, 0xff, 0xff, 0xf3, 0x0, 0x0,
    0xef, 0xff, 0xe2, 0x0, 0x0, 0x0, 0x4f, 0xff,
    0xfc, 0x0, 0x7, 0xff, 0xff, 0x50, 0x0, 0x0,
    0x0, 0x7, 0xff, 0xff, 0x40, 0xd, 0xff, 0xfc,
    0x0, 0x0, 0x0, 0x0, 0x0, 0xff, 0xff, 0xa0,
    0x1f, 0xff, 0xf6, 0x0, 0x0, 0x0, 0x0, 0x0,
    0x9f, 0xff, 0xe0, 0x5f, 0xff, 0xf2, 0x0, 0x0,
    0x0, 0x0, 0x0, 0x5f, 0xff, 0xf2, 0x8f, 0xff,
    0xf0, 0x0, 0x0, 0x0, 0x0, 0x0, 0x2f, 0xff,
    0xf5, 0xaf, 0xff, 0xc0, 0x0, 0x0, 0x0, 0x0,
    0x0, 0xf, 0xff, 0xf7, 0xbf, 0xff, 0xb0, 0x0,
    0x0, 0x0, 0x0, 0x0, 0xe, 0xff, 0xf8, 0xcf,
    0xff, 0xa0, 0x0, 0x0, 0x0, 0x0, 0x0, 0xd,
    0xff, 0xf9, 0xcf, 0xff, 0x90, 0x0, 0x0, 0x0,
    0x0, 0x0, 0xc, 0xff, 0xf9, 0xcf, 0xff, 0xa0,
    0x0, 0x0, 0x0, 0x0, 0x0, 0xd, 0xff, 0xf9,
    0xbf, 0xff, 0xb0, 0x0, 0x0, 0x0, 0x0, 0x0,
    0xe, 0xff, 0xf8, 0xaf, 0xff, 0xc0, 0x0, 0x0,
    0x0, 0x0, 0x0, 0xf, 0xff, 0xf7, 0x8f, 0xff,
    0xf0, 0x0, 0x0, 0x0, 0x0, 0x0, 0x2f, 0xff,
    0xf5, 0x5f, 0xff, 0xf2, 0x0, 0x0, 0x0, 0x0,
    0x0, 0x5f, 0xff, 0xf2, 0x1f, 0xff, 0xf6, 0x0,
    0x0, 0x0, 0x0, 0x0, 0x9f, 0xff, 0xe0, 0xd,
    0xff, 0xfc, 0x0, 0x0, 0x0, 0x0, 0x0, 0xff,
    0xff, 0xa0, 0x7, 0xff, 0xff, 0x50, 0x0, 0x0,
    0x0, 0x8, 0xff, 0xff, 0x40, 0x1, 0xff, 0xff,
    0xe2, 0x0, 0x0, 0x0, 0x4f, 0xff, 0xfd, 0x0,
    0x0, 0x7f, 0xff, 0xfe, 0x60, 0x0, 0x7, 0xff,
    0xff, 0xf4, 0x0, 0x0, 0xb, 0xff, 0xff, 0xff,
    0xdd, 0xff, 0xff, 0xff, 0x90, 0x0, 0x0, 0x0,
    0xcf, 0xff, 0xff, 0xff, 0xff, 0xff, 0xfa, 0x0,
    0x0, 0x0, 0x0, 0x8, 0xff, 0xff, 0xff, 0xff,
    0xff, 0x60, 0x0, 0x0, 0x0, 0x0, 0x0, 0x17,
    0xce, 0xff, 0xeb, 0x61, 0x0, 0x0, 0x0,

    /* U+0031 "1" */
    0x0, 0x0, 0x0, 0x7f, 0xff, 0xff, 0x60, 0x0,
    0x1, 0xbf, 0xff, 0xff, 0xf6, 0x0, 0x5, 0xef,
    0xff, 0xff, 0xff, 0x60, 0x9, 0xff, 0xff, 0xff,
    0xff, 0xf6, 0x1d, 0xff, 0xff, 0xe4, 0xff, 0xff,
    0x62, 0xff, 0xff, 0xa1, 0xf, 0xff, 0xf6, 0x2f,
    0xff, 0x60, 0x0, 0xff, 0xff, 0x62, 0xfd, 0x20,
    0x0, 0xf, 0xff, 0xf6, 0x29, 0x0, 0x0, 0x0,
    0xff, 0xff, 0x60, 0x0, 0x0, 0x0, 0xf, 0xff,
    0xf6, 0x0, 0x0, 0x0, 0x0, 0xff, 0xff, 0x60,
    0x0, 0x0, 0x0, 0xf, 0xff, 0xf6, 0x0, 0x0,
    0x0, 0x0, 0xff, 0xff, 0x60, 0x0, 0x0, 0x0,
    0xf, 0xff, 0xf6, 0x0, 0x0, 0x0, 0x0, 0xff,
    0xff, 0x60, 0x0, 0x0, 0x0, 0xf, 0xff, 0xf6,
    0x0, 0x0, 0x0, 0x0, 0xff, 0xff, 0x60, 0x0,
    0x0, 0x0, 0xf, 0xff, 0xf6, 0x0, 0x0, 0x0,
    0x0, 0xff, 0xff, 0x60, 0x0, 0x0, 0x0, 0xf,
    0xff, 0xf6, 0x0, 0x0, 0x0, 0x0, 0xff, 0xff,
    0x60, 0x0, 0x0, 0x0, 0xf, 0xff, 0xf6, 0x0,
    0x0, 0x0, 0x0, 0xff, 0xff, 0x60, 0x0, 0x0,
    0x0, 0xf, 0xff, 0xf6, 0x0, 0x0, 0x0, 0x0,
    0xff, 0xff, 0x60, 0x0, 0x0, 0x0, 0xf, 0xff,
    0xf6, 0x0, 0x0, 0x0, 0x0, 0xff, 0xff, 0x60,
    0x0, 0x0, 0x0, 0xf, 0xff, 0xf6, 0x0, 0x0,
    0x0, 0x0, 0xff, 0xff, 0x60,

    /* U+0032 "2" */
    0x0, 0x0, 0x0, 0x6a, 0xdf, 0xfe, 0xc8, 0x30,
    0x0, 0x0, 0x0, 0x0, 0x6, 0xef, 0xff, 0xff,
    0xff, 0xff, 0xa1, 0x0, 0x0, 0x0, 0x9, 0xff,
    0xff, 0xff, 0xff, 0xff, 0xff, 0xe3, 0x0, 0x0,
    0x8, 0xff, 0xff, 0xfe, 0xcb, 0xdf, 0xff, 0xff,
    0xe1, 0x0, 0x3, 0xff, 0xff, 0xe5, 0x0, 0x0,
    0x2b, 0xff, 0xff, 0xa0, 0x0, 0xaf, 0xff, 0xf2,
    0x0, 0x0, 0x0, 0xa, 0xff, 0xff, 0x20, 0xf,
    0xff, 0xf7, 0x0, 0x0, 0x0, 0x0, 0x1f, 0xff,
    0xf6, 0x2, 0xff, 0xff, 0x20, 0x0, 0x0, 0x0,
    0x0, 0xcf, 0xff, 0x80, 0x2c, 0xcc, 0xc0, 0x0,
    0x0, 0x0, 0x0, 0xb, 0xff, 0xf9, 0x0, 0x0,
    0x0, 0x0, 0x0, 0x0, 0x0, 0x0, 0xdf, 0xff,
    0x70, 0x0, 0x0, 0x0, 0x0, 0x0, 0x0, 0x0,
    0x2f, 0xff, 0xf3, 0x0, 0x0, 0x0, 0x0, 0x0,
    0x0, 0x0, 0xa, 0xff, 0xfd, 0x0, 0x0, 0x0,
    0x0, 0x0, 0x0, 0x0, 0x5, 0xff, 0xff, 0x50,
    0x0, 0x0, 0x0, 0x0, 0x0, 0x0, 0x3, 0xff,
    0xff, 0xb0, 0x0, 0x0, 0x0, 0x0, 0x0, 0x0,
    0x2, 0xef, 0xff, 0xe1, 0x0, 0x0, 0x0, 0x0,
    0x0, 0x0, 0x2, 0xef, 0xff, 0xf3, 0x0, 0x0,
    0x0, 0x0, 0x0, 0x0, 0x2, 0xef, 0xff, 0xf4,
    0x0, 0x0, 0x0, 0x0, 0x0, 0x0, 0x1, 0xef,
    0xff, 0xf6, 0x0, 0x0, 0x0, 0x0, 0x0, 0x0,
    0x1, 0xdf, 0xff, 0xf6, 0x0, 0x0, 0x0, 0x0,
    0x0, 0x0, 0x1, 0xdf, 0xff, 0xf6, 0x0, 0x0,
    0x0, 0x0, 0x0, 0x0, 0x1, 0xdf, 0xff, 0xf7,
    0x0, 0x0, 0x0, 0x0, 0x0, 0x0, 0x1, 0xdf,
    0xff, 0xf7, 0x0, 0x0, 0x0, 0x0, 0x0, 0x0,
    0x1, 0xdf, 0xff, 0xf8, 0x0, 0x0, 0x0, 0x0,
    0x0, 0x0, 0x1, 0xdf, 0xff, 0xf8, 0x0, 0x0,
    0x0, 0x0, 0x0, 0x0, 0x1, 0xdf, 0xff, 0xf8,
    0x0, 0x0, 0x0, 0x0, 0x0, 0x0, 0x0, 0xdf,
    0xff, 0xff, 0xee, 0xee, 0xee, 0xee, 0xee, 0xee,
    0xe0, 0x3f, 0xff, 0xff, 0xff, 0xff, 0xff, 0xff,
    0xff, 0xff, 0xff, 0x3, 0xff, 0xff, 0xff, 0xff,
    0xff, 0xff, 0xff, 0xff, 0xff, 0xf0, 0x3f, 0xff,
    0xff, 0xff, 0xff, 0xff, 0xff, 0xff, 0xff, 0xff,
    0x0,

    /* U+0033 "3" */
    0x0, 0x0, 0x0, 0x59, 0xdf, 0xff, 0xda, 0x60,
    0x0, 0x0, 0x0, 0x0, 0x5, 0xef, 0xff, 0xff,
    0xff, 0xff, 0xe6, 0x0, 0x0, 0x0, 0xa, 0xff,
    0xff, 0xff, 0xff, 0xff, 0xff, 0xf9, 0x0, 0x0,
    0x9, 0xff, 0xff, 0xff, 0xcb, 0xcf, 0xff, 0xff,
    0xf7, 0x0, 0x4, 0xff, 0xff, 0xe6, 0x0, 0x0,
    0x6, 0xff, 0xff, 0xf2, 0x0, 0xbf, 0xff, 0xe2,
    0x0, 0x0, 0x0, 0x4, 0xff, 0xff, 0x80, 0xf,
    0xff, 0xf6, 0x0, 0x0, 0x0, 0x0, 0xb, 0xff,
    0xfb, 0x0, 0x99, 0x99, 0x20, 0x0, 0x0, 0x0,
    0x0, 0x8f, 0xff, 0xc0, 0x0, 0x0, 0x0, 0x0,
    0x0, 0x0, 0x0, 0x9, 0xff, 0xfb, 0x0, 0x0,
    0x0, 0x0, 0x0, 0x0, 0x0, 0x0, 0xef, 0xff,
    0x80, 0x0, 0x0, 0x0, 0x0, 0x0, 0x0, 0x0,
    0xaf, 0xff, 0xf1, 0x0, 0x0, 0x0, 0x0, 0x0,
    0x0, 0x26, 0xdf, 0xff, 0xf5, 0x0, 0x0, 0x0,
    0x0, 0x6, 0xff, 0xff, 0xff, 0xff, 0xe4, 0x0,
    0x0, 0x0, 0x0, 0x0, 0x6f, 0xff, 0xff, 0xff,
    0x60, 0x0, 0x0, 0x0, 0x0, 0x0, 0x6, 0xff,
    0xff, 0xff, 0xff, 0xc5, 0x0, 0x0, 0x0, 0x0,
    0x0, 0x49, 0x9a, 0xbe, 0xff, 0xff, 0xfa, 0x0,
    0x0, 0x0, 0x0, 0x0, 0x0, 0x0, 0x4, 0xcf,
    0xff, 0xf9, 0x0, 0x0, 0x0, 0x0, 0x0, 0x0,
    0x0, 0x0, 0xbf, 0xff, 0xf3, 0x0, 0x0, 0x0,
    0x0, 0x0, 0x0, 0x0, 0x1, 0xff, 0xff, 0x90,
    0x0, 0x0, 0x0, 0x0, 0x0, 0x0, 0x0, 0xc,
    0xff, 0xfc, 0x0, 0x0, 0x0, 0x0, 0x0, 0x0,
    0x0, 0x0, 0xaf, 0xff, 0xda, 0xff, 0xfd, 0x0,
    0x0, 0x0, 0x0, 0x0, 0xc, 0xff, 0xfd, 0x8f,
    0xff, 0xf3, 0x0, 0x0, 0x0, 0x0, 0x2, 0xff,
    0xff, 0xa3, 0xff, 0xff, 0xd1, 0x0, 0x0, 0x0,
    0x1, 0xcf, 0xff, 0xf5, 0xc, 0xff, 0xff, 0xe6,
    0x10, 0x0, 0x6, 0xef, 0xff, 0xfd, 0x0, 0x2e,
    0xff, 0xff, 0xff, 0xed, 0xef, 0xff, 0xff, 0xff,
    0x20, 0x0, 0x2e, 0xff, 0xff, 0xff, 0xff, 0xff,
    0xff, 0xfe, 0x30, 0x0, 0x0, 0x19, 0xff, 0xff,
    0xff, 0xff, 0xff, 0xf9, 0x10, 0x0, 0x0, 0x0,
    0x1, 0x6a, 0xdf, 0xff, 0xdb, 0x61, 0x0, 0x0,
    0x0,

    /* U+0034 "4" */
    0x0, 0x0, 0x0, 0x0, 0x0, 0x0, 0x8f, 0xff,
    0xff, 0x40, 0x0, 0x0, 0x0, 0x0, 0x0, 0x0,
    0x0, 0x3f, 0xff, 0xff, 0xf4, 0x0, 0x0, 0x0,
    0x0, 0x0, 0x0, 0x0, 0xd, 0xff, 0xff, 0xff,
    0x40, 0x0, 0x0, 0x0, 0x0, 0x0, 0x0, 0x7,
    0xff, 0xff, 0xff, 0xf4, 0x0, 0x0, 0x0, 0x0,
    0x0, 0x0, 0x2, 0xff, 0xff, 0xff, 0xff, 0x40,
    0x0, 0x0, 0x0, 0x0, 0x0, 0x0, 0xcf, 0xff,
    0xaf, 0xff, 0xf4, 0x0, 0x0, 0x0, 0x0, 0x0,
    0x0, 0x6f, 0xff, 0xe1, 0xff, 0xff, 0x40, 0x0,
    0x0, 0x0, 0x0, 0x0, 0x1f, 0xff, 0xf5, 0xf,
    0xff, 0xf4, 0x0, 0x0, 0x0, 0x0, 0x0, 0xb,
    0xff, 0xfb, 0x0, 0xff, 0xff, 0x40, 0x0, 0x0,
    0x0, 0x0, 0x5, 0xff, 0xff, 0x10, 0xf, 0xff,
    0xf4, 0x0, 0x0, 0x0, 0x0, 0x1, 0xef, 0xff,
    0x60, 0x0, 0xff, 0xff, 0x40, 0x0, 0x0, 0x0,
    0x0, 0xaf, 0xff, 0xc0, 0x0, 0xf, 0xff, 0xf4,
    0x0, 0x0, 0x0, 0x0, 0x4f, 0xff, 0xf2, 0x0,
    0x0, 0xff, 0xff, 0x40, 0x0, 0x0, 0x0, 0xe,
    0xff, 0xf7, 0x0, 0x0, 0xf, 0xff, 0xf4, 0x0,
    0x0, 0x0, 0x9, 0xff, 0xfd, 0x0, 0x0, 0x0,
    0xff, 0xff, 0x40, 0x0, 0x0, 0x3, 0xff, 0xff,
    0x30, 0x0, 0x0, 0xf, 0xff, 0xf4, 0x0, 0x0,
    0x0, 0xdf, 0xff, 0x90, 0x0, 0x0, 0x0, 0xff,
    0xff, 0x40, 0x0, 0x0, 0x8f, 0xff, 0xe0, 0x0,
    0x0, 0x0, 0xf, 0xff, 0xf4, 0x0, 0x0, 0x2f,
    0xff, 0xf4, 0x0, 0x0, 0x0, 0x0, 0xff, 0xff,
    0x40, 0x0, 0xb, 0xff, 0xff, 0xee, 0xee, 0xee,
    0xee, 0xef, 0xff, 0xfe, 0xee, 0xe1, 0xcf, 0xff,
    0xff, 0xff, 0xff, 0xff, 0xff, 0xff, 0xff, 0xff,
    0xff, 0x1c, 0xff, 0xff, 0xff, 0xff, 0xff, 0xff,
    0xff, 0xff, 0xff, 0xff, 0xf1, 0xcf, 0xff, 0xff,
    0xff, 0xff, 0xff, 0xff, 0xff, 0xff, 0xff, 0xff,
    0x10, 0x0, 0x0, 0x0, 0x0, 0x0, 0x0, 0xf,
    0xff, 0xf4, 0x0, 0x0, 0x0, 0x0, 0x0, 0x0,
    0x0, 0x0, 0x0, 0xff, 0xff, 0x40, 0x0, 0x0,
    0x0, 0x0, 0x0, 0x0, 0x0, 0x0, 0xf, 0xff,
    0xf4, 0x0, 0x0, 0x0, 0x0, 0x0, 0x0, 0x0,
    0x0, 0x0, 0xff, 0xff, 0x40, 0x0, 0x0, 0x0,
    0x0, 0x0, 0x0, 0x0, 0x0, 0xf, 0xff, 0xf4,
    0x0, 0x0, 0x0, 0x0, 0x0, 0x0, 0x0, 0x0,
    0x0, 0xff, 0xff, 0x40, 0x0, 0x0,

    /* U+0035 "5" */
    0x0, 0xaf, 0xff, 0xff, 0xff, 0xff, 0xff, 0xff,
    0xff, 0x70, 0x0, 0xcf, 0xff, 0xff, 0xff, 0xff,
    0xff, 0xff, 0xff, 0x70, 0x0, 0xef, 0xff, 0xff,
    0xff, 0xff, 0xff, 0xff, 0xff, 0x70, 0x0, 0xff,
    0xff, 0xcc, 0xcc, 0xcc, 0xcc, 0xcc, 0xcc, 0x50,
    0x2, 0xff, 0xff, 0x0, 0x0, 0x0, 0x0, 0x0,
    0x0, 0x0, 0x3, 0xff, 0xfe, 0x0, 0x0, 0x0,
    0x0, 0x0, 0x0, 0x0, 0x5, 0xff, 0xfc, 0x0,
    0x0, 0x0, 0x0, 0x0, 0x0, 0x0, 0x7, 0xff,
    0xfa, 0x0, 0x0, 0x0, 0x0, 0x0, 0x0, 0x0,
    0x9, 0xff, 0xf8, 0x0, 0x0, 0x0, 0x0, 0x0,
    0x0, 0x0, 0xb, 0xff, 0xf6, 0x0, 0x58, 0x99,
    0x73, 0x0, 0x0, 0x0, 0xd, 0xff, 0xf5, 0x8f,
    0xff, 0xff, 0xff, 0xd5, 0x0, 0x0, 0xe, 0xff,
    0xfe, 0xff, 0xff, 0xff, 0xff, 0xff, 0x90, 0x0,
    0xf, 0xff, 0xff, 0xff, 0xff, 0xff, 0xff, 0xff,
    0xf9, 0x0, 0x2f, 0xff, 0xff, 0xa5, 0x10, 0x14,
    0xbf, 0xff, 0xff, 0x50, 0x2, 0x57, 0x93, 0x0,
    0x0, 0x0, 0x6, 0xff, 0xff, 0xe0, 0x0, 0x0,
    0x0, 0x0, 0x0, 0x0, 0x0, 0x8f, 0xff, 0xf5,
    0x0, 0x0, 0x0, 0x0, 0x0, 0x0, 0x0, 0xf,
    0xff, 0xf9, 0x0, 0x0, 0x0, 0x0, 0x0, 0x0,
    0x0, 0xa, 0xff, 0xfc, 0x0, 0x0, 0x0, 0x0,
    0x0, 0x0, 0x0, 0x7, 0xff, 0xfe, 0x0, 0x0,
    0x0, 0x0, 0x0, 0x0, 0x0, 0x7, 0xff, 0xfe,
    0x0, 0x0, 0x0, 0x0, 0x0, 0x0, 0x0, 0x8,
    0xff, 0xfd, 0xaf, 0xff, 0xb0, 0x0, 0x0, 0x0,
    0x0, 0xd, 0xff, 0xfa, 0x8f, 0xff, 0xf1, 0x0,
    0x0, 0x0, 0x0, 0x4f, 0xff, 0xf6, 0x3f, 0xff,
    0xfb, 0x0, 0x0, 0x0, 0x1, 0xef, 0xff, 0xf0,
    0xb, 0xff, 0xff, 0xc3, 0x0, 0x0, 0x5e, 0xff,
    0xff, 0x60, 0x2, 0xef, 0xff, 0xff, 0xec, 0xcf,
    0xff, 0xff, 0xfb, 0x0, 0x0, 0x3e, 0xff, 0xff,
    0xff, 0xff, 0xff, 0xff, 0xb0, 0x0, 0x0, 0x1,
    0xaf, 0xff, 0xff, 0xff, 0xff, 0xf6, 0x0, 0x0,
    0x0, 0x0, 0x2, 0x8c, 0xef, 0xfe, 0xb6, 0x0,
    0x0, 0x0,

    /* U+0036 "6" */
    0x0, 0x0, 0x0, 0x5, 0xad, 0xff, 0xec, 0x83,
    0x0, 0x0, 0x0, 0x0, 0x0, 0x4, 0xdf, 0xff,
    0xff, 0xff, 0xff, 0xb2, 0x0, 0x0, 0x0, 0x0,
    0x6f, 0xff, 0xff, 0xff, 0xff, 0xff, 0xfe, 0x30,
    0x0, 0x0, 0x5, 0xff, 0xff, 0xff, 0xfe, 0xff,
    0xff, 0xff, 0xf2, 0x0, 0x0, 0x2f, 0xff, 0xff,
    0x71, 0x0, 0x4, 0xcf, 0xff, 0xfc, 0x0, 0x0,
    0xbf, 0xff, 0xe2, 0x0, 0x0, 0x0, 0xa, 0xff,
    0xff, 0x30, 0x3, 0xff, 0xff, 0x30, 0x0, 0x0,
    0x0, 0x1, 0xef, 0xff, 0x80, 0x9, 0xff, 0xfa,
    0x0, 0x0, 0x0, 0x0, 0x0, 0x35, 0x55, 0x30,
    0xe, 0xff, 0xf3, 0x0, 0x0, 0x0, 0x0, 0x0,
    0x0, 0x0, 0x0, 0x2f, 0xff, 0xe0, 0x0, 0x4,
    0x79, 0x97, 0x30, 0x0, 0x0, 0x0, 0x6f, 0xff,
    0xb0, 0x6, 0xef, 0xff, 0xff, 0xfd, 0x50, 0x0,
    0x0, 0x8f, 0xff, 0x90, 0xbf, 0xff, 0xff, 0xff,
    0xff, 0xfa, 0x0, 0x0, 0xaf, 0xff, 0x8a, 0xff,
    0xff, 0xff, 0xff, 0xff, 0xff, 0xa0, 0x0, 0xbf,
    0xff, 0xef, 0xff, 0x83, 0x0, 0x39, 0xff, 0xff,
    0xf6, 0x0, 0xcf, 0xff, 0xff, 0xe3, 0x0, 0x0,
    0x0, 0x4f, 0xff, 0xff, 0x10, 0xcf, 0xff, 0xff,
    0x30, 0x0, 0x0, 0x0, 0x6, 0xff, 0xff, 0x60,
    0xcf, 0xff, 0xfa, 0x0, 0x0, 0x0, 0x0, 0x0,
    0xdf, 0xff, 0xb0, 0xbf, 0xff, 0xf4, 0x0, 0x0,
    0x0, 0x0, 0x0, 0x8f, 0xff, 0xe0, 0xaf, 0xff,
    0xf1, 0x0, 0x0, 0x0, 0x0, 0x0, 0x5f, 0xff,
    0xf0, 0x7f, 0xff, 0xf1, 0x0, 0x0, 0x0, 0x0,
    0x0, 0x5f, 0xff, 0xf0, 0x4f, 0xff, 0xf3, 0x0,
    0x0, 0x0, 0x0, 0x0, 0x7f, 0xff, 0xe0, 0xf,
    0xff, 0xf8, 0x0, 0x0, 0x0, 0x0, 0x0, 0xcf,
    0xff, 0xb0, 0xa, 0xff, 0xfe, 0x10, 0x0, 0x0,
    0x0, 0x4, 0xff, 0xff, 0x70, 0x3, 0xff, 0xff,
    0xc0, 0x0, 0x0, 0x0, 0x2e, 0xff, 0xff, 0x10,
    0x0, 0xaf, 0xff, 0xfd, 0x40, 0x0, 0x6, 0xef,
    0xff, 0xf7, 0x0, 0x0, 0x1e, 0xff, 0xff, 0xfe,
    0xcc, 0xff, 0xff, 0xff, 0xb0, 0x0, 0x0, 0x2,
    0xdf, 0xff, 0xff, 0xff, 0xff, 0xff, 0xfb, 0x0,
    0x0, 0x0, 0x0, 0x9, 0xff, 0xff, 0xff, 0xff,
    0xff, 0x70, 0x0, 0x0, 0x0, 0x0, 0x0, 0x27,
    0xbe, 0xff, 0xeb, 0x71, 0x0, 0x0, 0x0,

    /* U+0037 "7" */
    0x3f, 0xff, 0xff, 0xff, 0xff, 0xff, 0xff, 0xff,
    0xff, 0xff, 0x13, 0xff, 0xff, 0xff, 0xff, 0xff,
    0xff, 0xff, 0xff, 0xff, 0xf1, 0x3f, 0xff, 0xff,
    0xff, 0xff, 0xff, 0xff, 0xff, 0xff, 0xff, 0x13,
    0xee, 0xee, 0xee, 0xee, 0xee, 0xee, 0xee, 0xff,
    0xff, 0xf1, 0x0, 0x0, 0x0, 0x0, 0x0, 0x0,
    0x0, 0xd, 0xff, 0xfc, 0x0, 0x0, 0x0, 0x0,
    0x0, 0x0, 0x0, 0x6, 0xff, 0xff, 0x40, 0x0,
    0x0, 0x0, 0x0, 0x0, 0x0, 0x0, 0xef, 0xff,
    0xc0, 0x0, 0x0, 0x0, 0x0, 0x0, 0x0, 0x0,
    0x6f, 0xff, 0xf4, 0x0, 0x0, 0x0, 0x0, 0x0,
    0x0, 0x0, 0xe, 0xff, 0xfc, 0x0, 0x0, 0x0,
    0x0, 0x0, 0x0, 0x0, 0x6, 0xff, 0xff, 0x40,
    0x0, 0x0, 0x0, 0x0, 0x0, 0x0, 0x0, 0xef,
    0xff, 0xc0, 0x0, 0x0, 0x0, 0x0, 0x0, 0x0,
    0x0, 0x6f, 0xff, 0xf4, 0x0, 0x0, 0x0, 0x0,
    0x0, 0x0, 0x0, 0xe, 0xff, 0xfc, 0x0, 0x0,
    0x0, 0x0, 0x0, 0x0, 0x0, 0x7, 0xff, 0xff,
    0x40, 0x0, 0x0, 0x0, 0x0, 0x0, 0x0, 0x0,
    0xef, 0xff, 0xc0, 0x0, 0x0, 0x0, 0x0, 0x0,
    0x0, 0x0, 0x7f, 0xff, 0xf3, 0x0, 0x0, 0x0,
    0x0, 0x0, 0x0, 0x0, 0xe, 0xff, 0xfb, 0x0,
    0x0, 0x0, 0x0, 0x0, 0x0, 0x0, 0x7, 0xff,
    0xff, 0x30, 0x0, 0x0, 0x0, 0x0, 0x0, 0x0,
    0x0, 0xef, 0xff, 0xb0, 0x0, 0x0, 0x0, 0x0,
    0x0, 0x0, 0x0, 0x7f, 0xff, 0xf3, 0x0, 0x0,
    0x0, 0x0, 0x0, 0x0, 0x0, 0xe, 0xff, 0xfb,
    0x0, 0x0, 0x0, 0x0, 0x0, 0x0, 0x0, 0x7,
    0xff, 0xff, 0x30, 0x0, 0x0, 0x0, 0x0, 0x0,
    0x0, 0x0, 0xef, 0xff, 0xb0, 0x0, 0x0, 0x0,
    0x0, 0x0, 0x0, 0x0, 0x7f, 0xff, 0xf3, 0x0,
    0x0, 0x0, 0x0, 0x0, 0x0, 0x0, 0xe, 0xff,
    0xfb, 0x0, 0x0, 0x0, 0x0, 0x0, 0x0, 0x0,
    0x7, 0xff, 0xff, 0x30, 0x0, 0x0, 0x0, 0x0,
    0x0, 0x0, 0x0, 0xef, 0xff, 0xb0, 0x0, 0x0,
    0x0, 0x0, 0x0, 0x0, 0x0, 0x8f, 0xff, 0xf3,
    0x0, 0x0, 0x0, 0x0, 0x0, 0x0, 0x0, 0x1f,
    0xff, 0xfa, 0x0, 0x0, 0x0, 0x0, 0x0, 0x0,
    0x0,

    /* U+0038 "8" */
    0x0, 0x0, 0x0, 0x5a, 0xdf, 0xff, 0xda, 0x60,
    0x0, 0x0, 0x0, 0x0, 0x5, 0xef, 0xff, 0xff,
    0xff, 0xff, 0xe6, 0x0, 0x0, 0x0, 0x8, 0xff,
    0xff, 0xff, 0xff, 0xff, 0xff, 0xfa, 0x0, 0x0,
    0x7, 0xff, 0xff, 0xfe, 0xba, 0xbe, 0xff, 0xff,
    0xf9, 0x0, 0x1, 0xff, 0xff, 0xf6, 0x0, 0x0,
    0x5, 0xef, 0xff, 0xf3, 0x0, 0x7f, 0xff, 0xf5,
    0x0, 0x0, 0x0, 0x2, 0xff, 0xff, 0xa0, 0xa,
    0xff, 0xfc, 0x0, 0x0, 0x0, 0x0, 0xa, 0xff,
    0xfd, 0x0, 0xbf, 0xff, 0x90, 0x0, 0x0, 0x0,
    0x0, 0x7f, 0xff, 0xe0, 0xa, 0xff, 0xfa, 0x0,
    0x0, 0x0, 0x0, 0x8, 0xff, 0xfc, 0x0, 0x5f,
    0xff, 0xe0, 0x0, 0x0, 0x0, 0x0, 0xdf, 0xff,
    0x80, 0x0, 0xef, 0xff, 0xa0, 0x0, 0x0, 0x0,
    0x8f, 0xff, 0xf1, 0x0, 0x3, 0xff, 0xff, 0xc5,
    0x10, 0x14, 0xbf, 0xff, 0xf5, 0x0, 0x0, 0x3,
    0xdf, 0xff, 0xff, 0xff, 0xff, 0xff, 0xe5, 0x0,
    0x0, 0x0, 0x0, 0x8f, 0xff, 0xff, 0xff, 0xff,
    0xa1, 0x0, 0x0, 0x0, 0x5, 0xef, 0xff, 0xff,
    0xff, 0xff, 0xff, 0xe6, 0x0, 0x0, 0x8, 0xff,
    0xff, 0xfd, 0x98, 0x9c, 0xff, 0xff, 0xfa, 0x0,
    0x6, 0xff, 0xff, 0xd3, 0x0, 0x0, 0x2, 0xbf,
    0xff, 0xf8, 0x0, 0xef, 0xff, 0xc0, 0x0, 0x0,
    0x0, 0x0, 0xbf, 0xff, 0xf2, 0x6f, 0xff, 0xf3,
    0x0, 0x0, 0x0, 0x0, 0x1, 0xff, 0xff, 0x9a,
    0xff, 0xfd, 0x0, 0x0, 0x0, 0x0, 0x0, 0xb,
    0xff, 0xfd, 0xcf, 0xff, 0xb0, 0x0, 0x0, 0x0,
    0x0, 0x0, 0x9f, 0xff, 0xfc, 0xff, 0xfc, 0x0,
    0x0, 0x0, 0x0, 0x0, 0xa, 0xff, 0xff, 0x9f,
    0xff, 0xf1, 0x0, 0x0, 0x0, 0x0, 0x0, 0xef,
    0xff, 0xc5, 0xff, 0xff, 0xb0, 0x0, 0x0, 0x0,
    0x0, 0x9f, 0xff, 0xf7, 0xd, 0xff, 0xff, 0xc3,
    0x0, 0x0, 0x2, 0xaf, 0xff, 0xfe, 0x10, 0x2f,
    0xff, 0xff, 0xfd, 0xa9, 0xad, 0xff, 0xff, 0xff,
    0x40, 0x0, 0x3e, 0xff, 0xff, 0xff, 0xff, 0xff,
    0xff, 0xff, 0x50, 0x0, 0x0, 0x19, 0xff, 0xff,
    0xff, 0xff, 0xff, 0xfb, 0x20, 0x0, 0x0, 0x0,
    0x1, 0x6b, 0xdf, 0xff, 0xeb, 0x72, 0x0, 0x0,
    0x0,

    /* U+0039 "9" */
    0x0, 0x0, 0x0, 0x6a, 0xdf, 0xfe, 0xc8, 0x30,
    0x0, 0x0, 0x0, 0x0, 0x0, 0x6e, 0xff, 0xff,
    0xff, 0xff, 0xfb, 0x20, 0x0, 0x0, 0x0, 0xa,
    0xff, 0xff, 0xff, 0xff, 0xff, 0xff, 0xf4, 0x0,
    0x0, 0x0, 0xbf, 0xff, 0xff, 0xfd, 0xcd, 0xff,
    0xff, 0xff, 0x30, 0x0, 0x6, 0xff, 0xff, 0xf7,
    0x10, 0x0, 0x2a, 0xff, 0xff, 0xd0, 0x0, 0xe,
    0xff, 0xff, 0x30, 0x0, 0x0, 0x0, 0x7f, 0xff,
    0xf7, 0x0, 0x5f, 0xff, 0xf6, 0x0, 0x0, 0x0,
    0x0, 0xa, 0xff, 0xfe, 0x0, 0x9f, 0xff, 0xe0,
    0x0, 0x0, 0x0, 0x0, 0x2, 0xff, 0xff, 0x30,
    0xbf, 0xff, 0xa0, 0x0, 0x0, 0x0, 0x0, 0x0,
    0xef, 0xff, 0x80, 0xcf, 0xff, 0x90, 0x0, 0x0,
    0x0, 0x0, 0x0, 0xdf, 0xff, 0xb0, 0xbf, 0xff,
    0xa0, 0x0, 0x0, 0x0, 0x0, 0x0, 0xff, 0xff,
    0xd0, 0x9f, 0xff, 0xe0, 0x0, 0x0, 0x0, 0x0,
    0x4, 0xff, 0xff, 0xf0, 0x5f, 0xff, 0xf8, 0x0,
    0x0, 0x0, 0x0, 0xd, 0xff, 0xff, 0xf0, 0xe,
    0xff, 0xff, 0x50, 0x0, 0x0, 0x0, 0xbf, 0xff,
    0xff, 0xf0, 0x6, 0xff, 0xff, 0xfb, 0x40, 0x2,
    0x6e, 0xff, 0xef, 0xff, 0xf0, 0x0, 0xaf, 0xff,
    0xff, 0xff, 0xff, 0xff, 0xfd, 0x5f, 0xff, 0xf0,
    0x0, 0x9, 0xff, 0xff, 0xff, 0xff, 0xff, 0xd2,
    0x5f, 0xff, 0xd0, 0x0, 0x0, 0x4d, 0xff, 0xff,
    0xff, 0xf8, 0x0, 0x7f, 0xff, 0xb0, 0x0, 0x0,
    0x0, 0x26, 0x89, 0x85, 0x0, 0x0, 0x9f, 0xff,
    0x90, 0x0, 0x0, 0x0, 0x0, 0x0, 0x0, 0x0,
    0x0, 0xdf, 0xff, 0x50, 0x0, 0x0, 0x0, 0x0,
    0x0, 0x0, 0x0, 0x2, 0xff, 0xff, 0x10, 0x6f,
    0xff, 0xf0, 0x0, 0x0, 0x0, 0x0, 0x9, 0xff,
    0xfc, 0x0, 0x3f, 0xff, 0xf7, 0x0, 0x0, 0x0,
    0x0, 0x2f, 0xff, 0xf6, 0x0, 0xd, 0xff, 0xff,
    0x30, 0x0, 0x0, 0x2, 0xdf, 0xff, 0xe0, 0x0,
    0x5, 0xff, 0xff, 0xf7, 0x10, 0x1, 0x6e, 0xff,
    0xff, 0x50, 0x0, 0x0, 0xaf, 0xff, 0xff, 0xfe,
    0xef, 0xff, 0xff, 0xf9, 0x0, 0x0, 0x0, 0xb,
    0xff, 0xff, 0xff, 0xff, 0xff, 0xff, 0xa0, 0x0,
    0x0, 0x0, 0x0, 0x7f, 0xff, 0xff, 0xff, 0xff,
    0xe6, 0x0, 0x0, 0x0, 0x0, 0x0, 0x1, 0x7b,
    0xef, 0xfe, 0xb6, 0x0, 0x0, 0x0, 0x0,

    /* U+003A ":" */
    0x8, 0xef, 0x90, 0x7f, 0xff, 0xf9, 0xcf, 0xff,
    0xfe, 0xbf, 0xff, 0xfd, 0x4f, 0xff, 0xf6, 0x3,
    0xaa, 0x50, 0x0, 0x0, 0x0, 0x0, 0x0, 0x0,
    0x0, 0x0, 0x0, 0x0, 0x0, 0x0, 0x0, 0x0,
    0x0, 0x0, 0x0, 0x0, 0x0, 0x0, 0x0, 0x0,
    0x0, 0x0, 0x0, 0x0, 0x0, 0x4, 0xaa, 0x50,
    0x4f, 0xff, 0xf6, 0xbf, 0xff, 0xfd, 0xcf, 0xff,
    0xfe, 0x7f, 0xff, 0xf9, 0x8, 0xef, 0x90,

    /* U+003B ";" */
    0x0, 0x3c, 0xfd, 0x40, 0x0, 0xef, 0xff, 0xf1,
    0x4, 0xff, 0xff, 0xf6, 0x3, 0xff, 0xff, 0xf5,
    0x0, 0xcf, 0xff, 0xd0, 0x0, 0x8, 0xb8, 0x10,
    0x0, 0x0, 0x0, 0x0, 0x0, 0x0, 0x0, 0x0,
    0x0, 0x0, 0x0, 0x0, 0x0, 0x0, 0x0, 0x0,
    0x0, 0x0, 0x0, 0x0, 0x0, 0x0, 0x0, 0x0,
    0x0, 0x0, 0x0, 0x0, 0x0, 0x0, 0x0, 0x0,
    0x0, 0x0, 0x0, 0x0, 0x0, 0x0, 0x0, 0x0,
    0x0, 0x55, 0x55, 0x40, 0x0, 0xff, 0xff, 0x80,
    0x2, 0xff, 0xff, 0x40, 0x4, 0xff, 0xff, 0x0,
    0x6, 0xff, 0xfb, 0x0, 0x9, 0xff, 0xf6, 0x0,
    0xb, 0xff, 0xf2, 0x0, 0xe, 0xff, 0xd0, 0x0,
    0xf, 0xff, 0x90, 0x0, 0x2f, 0xff, 0x40, 0x0,
    0x5f, 0xff, 0x0, 0x0, 0x7f, 0xfb, 0x0, 0x0,

    /* U+003C "<" */
    0x0, 0x0, 0x0, 0x0, 0x0, 0x0, 0x0, 0x0,
    0x0, 0x0, 0x0, 0x0, 0x0, 0x0, 0x0, 0x0,
    0x0, 0x0, 0x4, 0xc4, 0x0, 0x0, 0x0, 0x0,
    0x0, 0x0, 0x0, 0x5, 0xcf, 0xf4, 0x0, 0x0,
    0x0, 0x0, 0x0, 0x0, 0x5, 0xdf, 0xff, 0xf4,
    0x0, 0x0, 0x0, 0x0, 0x0, 0x6, 0xdf, 0xff,
    0xff, 0xf4, 0x0, 0x0, 0x0, 0x0, 0x6, 0xef,
    0xff, 0xff, 0xff, 0xa1, 0x0, 0x0, 0x0, 0x7,
    0xef, 0xff, 0xff, 0xfe, 0x81, 0x0, 0x0, 0x0,
    0x18, 0xef, 0xff, 0xff, 0xfd, 0x60, 0x0, 0x0,
    0x0, 0x18, 0xff, 0xff, 0xff, 0xfc, 0x50, 0x0,
    0x0, 0x0, 0x19, 0xff, 0xff, 0xff, 0xfa, 0x30,
    0x0, 0x0, 0x0, 0x0, 0xaf, 0xff, 0xff, 0xf9,
    0x20, 0x0, 0x0, 0x0, 0x0, 0x0, 0xaf, 0xff,
    0xfc, 0x10, 0x0, 0x0, 0x0, 0x0, 0x0, 0x0,
    0xaf, 0xff, 0xff, 0xd5, 0x0, 0x0, 0x0, 0x0,
    0x0, 0x0, 0x3c, 0xff, 0xff, 0xff, 0xe7, 0x10,
    0x0, 0x0, 0x0, 0x0, 0x0, 0x3b, 0xff, 0xff,
    0xff, 0xf9, 0x20, 0x0, 0x0, 0x0, 0x0, 0x0,
    0x3a, 0xff, 0xff, 0xff, 0xfa, 0x30, 0x0, 0x0,
    0x0, 0x0, 0x0, 0x2a, 0xff, 0xff, 0xff, 0xfc,
    0x50, 0x0, 0x0, 0x0, 0x0, 0x0, 0x29, 0xff,
    0xff, 0xff, 0xfd, 0x60, 0x0, 0x0, 0x0, 0x0,
    0x0, 0x19, 0xff, 0xff, 0xff, 0xf4, 0x0, 0x0,
    0x0, 0x0, 0x0, 0x0, 0x18, 0xff, 0xff, 0xf4,
    0x0, 0x0, 0x0, 0x0, 0x0, 0x0, 0x0, 0x17,
    0xef, 0xf4, 0x0, 0x0, 0x0, 0x0, 0x0, 0x0,
    0x0, 0x0, 0x7, 0xe4, 0x0, 0x0, 0x0, 0x0,
    0x0, 0x0, 0x0, 0x0, 0x0, 0x0,

    /* U+003D "=" */
    0x9c, 0xcc, 0xcc, 0xcc, 0xcc, 0xcc, 0xcc, 0xcc,
    0xcc, 0x6c, 0xff, 0xff, 0xff, 0xff, 0xff, 0xff,
    0xff, 0xff, 0xf7, 0xcf, 0xff, 0xff, 0xff, 0xff,
    0xff, 0xff, 0xff, 0xff, 0x7c, 0xff, 0xff, 0xff,
    0xff, 0xff, 0xff, 0xff, 0xff, 0xf7, 0x0, 0x0,
    0x0, 0x0, 0x0, 0x0, 0x0, 0x0, 0x0, 0x0,
    0x0, 0x0, 0x0, 0x0, 0x0, 0x0, 0x0, 0x0,
    0x0, 0x0, 0x0, 0x0, 0x0, 0x0, 0x0, 0x0,
    0x0, 0x0, 0x0, 0x0, 0x0, 0x0, 0x0, 0x0,
    0x0, 0x0, 0x0, 0x0, 0x0, 0x0, 0x0, 0x0,
    0x0, 0x0, 0x0, 0x0, 0x0, 0x9, 0xcc, 0xcc,
    0xcc, 0xcc, 0xcc, 0xcc, 0xcc, 0xcc, 0xc6, 0xcf,
    0xff, 0xff, 0xff, 0xff, 0xff, 0xff, 0xff, 0xff,
    0x7c, 0xff, 0xff, 0xff, 0xff, 0xff, 0xff, 0xff,
    0xff, 0xf7, 0xcf, 0xff, 0xff, 0xff, 0xff, 0xff,
    0xff, 0xff, 0xff, 0x70,

    /* U+003E ">" */
    0x0, 0x0, 0x0, 0x0, 0x0, 0x0, 0x0, 0x0,
    0x0, 0x0, 0x89, 0x20, 0x0, 0x0, 0x0, 0x0,
    0x0, 0x0, 0x0, 0x0, 0x9f, 0xfa, 0x20, 0x0,
    0x0, 0x0, 0x0, 0x0, 0x0, 0x0, 0x9f, 0xff,
    0xfb, 0x30, 0x0, 0x0, 0x0, 0x0, 0x0, 0x0,
    0x9f, 0xff, 0xff, 0xfb, 0x30, 0x0, 0x0, 0x0,
    0x0, 0x0, 0x3c, 0xff, 0xff, 0xff, 0xfc, 0x40,
    0x0, 0x0, 0x0, 0x0, 0x0, 0x3a, 0xff, 0xff,
    0xff, 0xfc, 0x50, 0x0, 0x0, 0x0, 0x0, 0x0,
    0x28, 0xff, 0xff, 0xff, 0xfd, 0x50, 0x0, 0x0,
    0x0, 0x0, 0x0, 0x17, 0xef, 0xff, 0xff, 0xfd,
    0x60, 0x0, 0x0, 0x0, 0x0, 0x0, 0x5, 0xcf,
    0xff, 0xff, 0xfe, 0x60, 0x0, 0x0, 0x0, 0x0,
    0x0, 0x4, 0xbf, 0xff, 0xff, 0xf5, 0x0, 0x0,
    0x0, 0x0, 0x0, 0x0, 0x3, 0xff, 0xff, 0xf5,
    0x0, 0x0, 0x0, 0x0, 0x0, 0x1, 0x7e, 0xff,
    0xff, 0xf5, 0x0, 0x0, 0x0, 0x0, 0x2, 0x9f,
    0xff, 0xff, 0xff, 0x91, 0x0, 0x0, 0x0, 0x4,
    0xbf, 0xff, 0xff, 0xff, 0x91, 0x0, 0x0, 0x0,
    0x5, 0xcf, 0xff, 0xff, 0xff, 0x81, 0x0, 0x0,
    0x0, 0x7, 0xef, 0xff, 0xff, 0xfe, 0x71, 0x0,
    0x0, 0x0, 0x18, 0xff, 0xff, 0xff, 0xfe, 0x70,
    0x0, 0x0, 0x0, 0x0, 0x9f, 0xff, 0xff, 0xfe,
    0x60, 0x0, 0x0, 0x0, 0x0, 0x0, 0x9f, 0xff,
    0xfd, 0x60, 0x0, 0x0, 0x0, 0x0, 0x0, 0x0,
    0x9f, 0xfd, 0x50, 0x0, 0x0, 0x0, 0x0, 0x0,
    0x0, 0x0, 0x9c, 0x40, 0x0, 0x0, 0x0, 0x0,
    0x0, 0x0, 0x0, 0x0, 0x10, 0x0, 0x0, 0x0,
    0x0, 0x0, 0x0, 0x0, 0x0, 0x0,

    /* U+003F "?" */
    0x0, 0x0, 0x4, 0x9d, 0xff, 0xfd, 0x94, 0x0,
    0x0, 0x0, 0x0, 0x3d, 0xff, 0xff, 0xff, 0xff,
    0xfc, 0x20, 0x0, 0x0, 0x4f, 0xff, 0xff, 0xff,
    0xff, 0xff, 0xff, 0x30, 0x0, 0x2f, 0xff, 0xff,
    0xfb, 0xac, 0xff, 0xff, 0xfe, 0x10, 0xb, 0xff,
    0xff, 0x90, 0x0, 0x1, 0xbf, 0xff, 0xf8, 0x1,
    0xff, 0xff, 0xa0, 0x0, 0x0, 0x0, 0xdf, 0xff,
    0xe0, 0x4f, 0xff, 0xf2, 0x0, 0x0, 0x0, 0x6,
    0xff, 0xff, 0x14, 0xcc, 0xcb, 0x0, 0x0, 0x0,
    0x0, 0x4f, 0xff, 0xf2, 0x0, 0x0, 0x0, 0x0,
    0x0, 0x0, 0x6, 0xff, 0xff, 0x10, 0x0, 0x0,
    0x0, 0x0, 0x0, 0x0, 0xbf, 0xff, 0xe0, 0x0,
    0x0, 0x0, 0x0, 0x0, 0x0, 0x7f, 0xff, 0xf8,
    0x0, 0x0, 0x0, 0x0, 0x0, 0x0, 0x8f, 0xff,
    0xfe, 0x10, 0x0, 0x0, 0x0, 0x0, 0x3, 0xdf,
    0xff, 0xff, 0x30, 0x0, 0x0, 0x0, 0x0, 0x6,
    0xff, 0xff, 0xfd, 0x30, 0x0, 0x0, 0x0, 0x0,
    0x5, 0xff, 0xff, 0xf8, 0x0, 0x0, 0x0, 0x0,
    0x0, 0x0, 0xdf, 0xff, 0xf4, 0x0, 0x0, 0x0,
    0x0, 0x0, 0x0, 0x2f, 0xff, 0xf5, 0x0, 0x0,
    0x0, 0x0, 0x0, 0x0, 0x5, 0xff, 0xfe, 0x0,
    0x0, 0x0, 0x0, 0x0, 0x0, 0x0, 0x7f, 0xff,
    0xb0, 0x0, 0x0, 0x0, 0x0, 0x0, 0x0, 0x7,
    0xff, 0xfa, 0x0, 0x0, 0x0, 0x0, 0x0, 0x0,
    0x0, 0x0, 0x0, 0x0, 0x0, 0x0, 0x0, 0x0,
    0x0, 0x0, 0x0, 0x0, 0x0, 0x0, 0x0, 0x0,
    0x0, 0x0, 0x0, 0x0, 0x0, 0x0, 0x0, 0x0,
    0x0, 0x0, 0x0, 0x0, 0x0, 0x0, 0x7a, 0x81,
    0x0, 0x0, 0x0, 0x0, 0x0, 0x0, 0x0, 0xbf,
    0xff, 0xe1, 0x0, 0x0, 0x0, 0x0, 0x0, 0x0,
    0x3f, 0xff, 0xff, 0x60, 0x0, 0x0, 0x0, 0x0,
    0x0, 0x4, 0xff, 0xff, 0xf7, 0x0, 0x0, 0x0,
    0x0, 0x0, 0x0, 0xe, 0xff, 0xff, 0x20, 0x0,
    0x0, 0x0, 0x0, 0x0, 0x0, 0x2c, 0xfd, 0x50,
    0x0, 0x0, 0x0, 0x0,

    /* U+0040 "@" */
    0x0, 0x0, 0x0, 0x0, 0x0, 0x1, 0x58, 0xbd,
    0xff, 0xff, 0xec, 0x95, 0x10, 0x0, 0x0, 0x0,
    0x0, 0x0, 0x0, 0x0, 0x0, 0x0, 0x4, 0xbf,
    0xff, 0xff, 0xff, 0xff, 0xff, 0xff, 0xfb, 0x40,
    0x0, 0x0, 0x0, 0x0, 0x0, 0x0, 0x0, 0x3,
    0xcf, 0xff, 0xff, 0xff, 0xff, 0xff, 0xff, 0xff,
    0xff, 0xfb, 0x20, 0x0, 0x0, 0x0, 0x0, 0x0,
    0x0, 0x7f, 0xff, 0xff, 0xfe, 0xb8, 0x66, 0x56,
    0x7a, 0xdf, 0xff, 0xff, 0xf6, 0x0, 0x0, 0x0,
    0x0, 0x0, 0xa, 0xff, 0xff, 0xfa, 0x30, 0x0,
    0x0, 0x0, 0x0, 0x2, 0x8f, 0xff, 0xff, 0x80,
    0x0, 0x0, 0x0, 0x0, 0xaf, 0xff, 0xfb, 0x20,
    0x0, 0x0, 0x0, 0x0, 0x0, 0x0, 0x1, 0xaf,
    0xff, 0xf7, 0x0, 0x0, 0x0, 0x7, 0xff, 0xff,
    0x80, 0x0, 0x0, 0x0, 0x0, 0x0, 0x0, 0x0,
    0x0, 0x6, 0xff, 0xff, 0x40, 0x0, 0x0, 0x2f,
    0xff, 0xf8, 0x0, 0x0, 0x0, 0x0, 0x0, 0x0,
    0x0, 0x0, 0x0, 0x0, 0x6f, 0xff, 0xe0, 0x0,
    0x0, 0xbf, 0xff, 0xb0, 0x0, 0x0, 0x0, 0x4,
    0x66, 0x41, 0x0, 0x0, 0x0, 0x0, 0xa, 0xff,
    0xf7, 0x0, 0x2, 0xff, 0xff, 0x10, 0x0, 0x0,
    0x19, 0xff, 0xff, 0xff, 0x90, 0xaf, 0xfa, 0x0,
    0x1, 0xff, 0xfe, 0x0, 0x9, 0xff, 0xf8, 0x0,
    0x0, 0x3, 0xef, 0xff, 0xff, 0xff, 0xfd, 0xcf,
    0xfb, 0x0, 0x0, 0x9f, 0xff, 0x40, 0xe, 0xff,
    0xf1, 0x0, 0x0, 0x2f, 0xff, 0xff, 0xff, 0xff,
    0xff, 0xff, 0xfb, 0x0, 0x0, 0x3f, 0xff, 0x90,
    0x2f, 0xff, 0xc0, 0x0, 0x0, 0xcf, 0xff, 0xc4,
    0x10, 0x15, 0xcf, 0xff, 0xfb, 0x0, 0x0, 0xe,
    0xff, 0xd0, 0x6f, 0xff, 0x80, 0x0, 0x5, 0xff,
    0xfb, 0x0, 0x0, 0x0, 0xb, 0xff, 0xfb, 0x0,
    0x0, 0xb, 0xff, 0xf0, 0x8f, 0xff, 0x40, 0x0,
    0xb, 0xff, 0xf1, 0x0, 0x0, 0x0, 0x2, 0xff,
    0xfb, 0x0, 0x0, 0x9, 0xff, 0xf1, 0xaf, 0xff,
    0x20, 0x0, 0xf, 0xff, 0x90, 0x0, 0x0, 0x0,
    0x0, 0xef, 0xfb, 0x0, 0x0, 0x8, 0xff, 0xf1,
    0xcf, 0xff, 0x10, 0x0, 0x1f, 0xff, 0x60, 0x0,
    0x0, 0x0, 0x0, 0xbf, 0xfb, 0x0, 0x0, 0x8,
    0xff, 0xf1, 0xcf, 0xff, 0x0, 0x0, 0x2f, 0xff,
    0x50, 0x0, 0x0, 0x0, 0x0, 0xbf, 0xfb, 0x0,
    0x0, 0x9, 0xff, 0xf0, 0xcf, 0xff, 0x0, 0x0,
    0x1f, 0xff, 0x60, 0x0, 0x0, 0x0, 0x0, 0xbf,
    0xfb, 0x0, 0x0, 0xa, 0xff, 0xf0, 0xcf, 0xff,
    0x10, 0x0, 0xf, 0xff, 0x80, 0x0, 0x0, 0x0,
    0x0, 0xdf, 0xfb, 0x0, 0x0, 0xb, 0xff, 0xd0,
    0xbf, 0xff, 0x20, 0x0, 0xd, 0xff, 0xd0, 0x0,
    0x0, 0x0, 0x1, 0xff, 0xfb, 0x0, 0x0, 0xe,
    0xff, 0xb0, 0x9f, 0xff, 0x40, 0x0, 0x9, 0xff,
    0xf4, 0x0, 0x0, 0x0, 0x8, 0xff, 0xfb, 0x0,
    0x0, 0x1f, 0xff, 0x70, 0x6f, 0xff, 0x70, 0x0,
    0x3, 0xff, 0xfe, 0x20, 0x0, 0x0, 0x5f, 0xff,
    0xfe, 0x0, 0x0, 0x8f, 0xff, 0x20, 0x3f, 0xff,
    0xb0, 0x0, 0x0, 0xbf, 0xff, 0xf9, 0x65, 0x7c,
    0xff, 0xff, 0xff, 0x91, 0x6, 0xff, 0xfb, 0x0,
    0xf, 0xff, 0xf1, 0x0, 0x0, 0x1e, 0xff, 0xff,
    0xff, 0xff, 0xff, 0x5f, 0xff, 0xff, 0xff, 0xff,
    0xf3, 0x0, 0xa, 0xff, 0xf7, 0x0, 0x0, 0x2,
    0xdf, 0xff, 0xff, 0xff, 0xf5, 0x9, 0xff, 0xff,
    0xff, 0xff, 0x50, 0x0, 0x4, 0xff, 0xfe, 0x10,
    0x0, 0x0, 0x6, 0xcf, 0xff, 0xea, 0x20, 0x0,
    0x4b, 0xff, 0xff, 0xa2, 0x0, 0x0, 0x0, 0xcf,
    0xff, 0xa0, 0x0, 0x0, 0x0, 0x0, 0x10, 0x0,
    0x0, 0x0, 0x0, 0x1, 0x10, 0x0, 0x0, 0x0,
    0x0, 0x4f, 0xff, 0xf7, 0x0, 0x0, 0x0, 0x0,
    0x0, 0x0, 0x0, 0x0, 0x0, 0x0, 0x0, 0x0,
    0x0, 0x0, 0x0, 0x9, 0xff, 0xff, 0x80, 0x0,
    0x0, 0x0, 0x0, 0x0, 0x0, 0x0, 0x0, 0x0,
    0x0, 0x0, 0x0, 0x0, 0x0, 0x0, 0xcf, 0xff,
    0xfc, 0x30, 0x0, 0x0, 0x0, 0x0, 0x0, 0x0,
    0x0, 0x0, 0x0, 0x0, 0x0, 0x0, 0x0, 0x0,
    0xc, 0xff, 0xff, 0xfb, 0x50, 0x0, 0x0, 0x0,
    0x0, 0x1, 0x5b, 0x70, 0x0, 0x0, 0x0, 0x0,
    0x0, 0x0, 0x0, 0x9f, 0xff, 0xff, 0xff, 0xc9,
    0x76, 0x56, 0x79, 0xcf, 0xff, 0xc0, 0x0, 0x0,
    0x0, 0x0, 0x0, 0x0, 0x0, 0x4, 0xdf, 0xff,
    0xff, 0xff, 0xff, 0xff, 0xff, 0xff, 0xff, 0xf1,
    0x0, 0x0, 0x0, 0x0, 0x0, 0x0, 0x0, 0x0,
    0x5, 0xbf, 0xff, 0xff, 0xff, 0xff, 0xff, 0xff,
    0xff, 0xa2, 0x0, 0x0, 0x0, 0x0, 0x0, 0x0,
    0x0, 0x0, 0x0, 0x1, 0x58, 0xbd, 0xef, 0xff,
    0xec, 0xa7, 0x30, 0x0, 0x0, 0x0, 0x0, 0x0,

    /* U+0041 "A" */
    0x0, 0x0, 0x0, 0x0, 0x0, 0xdf, 0xff, 0xff,
    0x0, 0x0, 0x0, 0x0, 0x0, 0x0, 0x0, 0x0,
    0x0, 0x0, 0x3f, 0xff, 0xff, 0xf5, 0x0, 0x0,
    0x0, 0x0, 0x0, 0x0, 0x0, 0x0, 0x0, 0x8,
    0xff, 0xff, 0xff, 0xb0, 0x0, 0x0, 0x0, 0x0,
    0x0, 0x0, 0x0, 0x0, 0x0, 0xef, 0xff, 0xff,
    0xff, 0x10, 0x0, 0x0, 0x0, 0x0, 0x0, 0x0,
    0x0, 0x0, 0x4f, 0xff, 0xca, 0xff, 0xf7, 0x0,
    0x0, 0x0, 0x0, 0x0, 0x0, 0x0, 0x0, 0x9,
    0xff, 0xf8, 0x6f, 0xff, 0xd0, 0x0, 0x0, 0x0,
    0x0, 0x0, 0x0, 0x0, 0x0, 0xff, 0xff, 0x31,
    0xff, 0xff, 0x20, 0x0, 0x0, 0x0, 0x0, 0x0,
    0x0, 0x0, 0x5f, 0xff, 0xe0, 0xc, 0xff, 0xf8,
    0x0, 0x0, 0x0, 0x0, 0x0, 0x0, 0x0, 0xb,
    0xff, 0xfa, 0x0, 0x8f, 0xff, 0xe0, 0x0, 0x0,
    0x0, 0x0, 0x0, 0x0, 0x1, 0xff, 0xff, 0x50,
    0x3, 0xff, 0xff, 0x40, 0x0, 0x0, 0x0, 0x0,
    0x0, 0x0, 0x6f, 0xff, 0xf1, 0x0, 0xe, 0xff,
    0xfa, 0x0, 0x0, 0x0, 0x0, 0x0, 0x0, 0xc,
    0xff, 0xfb, 0x0, 0x0, 0x9f, 0xff, 0xf0, 0x0,
    0x0, 0x0, 0x0, 0x0, 0x1, 0xff, 0xff, 0x60,
    0x0, 0x4, 0xff, 0xff, 0x50, 0x0, 0x0, 0x0,
    0x0, 0x0, 0x7f, 0xff, 0xf1, 0x0, 0x0, 0xe,
    0xff, 0xfb, 0x0, 0x0, 0x0, 0x0, 0x0, 0xd,
    0xff, 0xfc, 0x0, 0x0, 0x0, 0x8f, 0xff, 0xf1,
    0x0, 0x0, 0x0, 0x0, 0x2, 0xff, 0xff, 0x60,
    0x0, 0x0, 0x3, 0xff, 0xff, 0x70, 0x0, 0x0,
    0x0, 0x0, 0x8f, 0xff, 0xf1, 0x0, 0x0, 0x0,
    0xd, 0xff, 0xfd, 0x0, 0x0, 0x0, 0x0, 0xe,
    0xff, 0xfb, 0x0, 0x0, 0x0, 0x0, 0x8f, 0xff,
    0xf2, 0x0, 0x0, 0x0, 0x4, 0xff, 0xff, 0xff,
    0xff, 0xff, 0xff, 0xff, 0xff, 0xff, 0x80, 0x0,
    0x0, 0x0, 0x9f, 0xff, 0xff, 0xff, 0xff, 0xff,
    0xff, 0xff, 0xff, 0xfe, 0x0, 0x0, 0x0, 0xf,
    0xff, 0xff, 0xff, 0xff, 0xff, 0xff, 0xff, 0xff,
    0xff, 0xf4, 0x0, 0x0, 0x5, 0xff, 0xff, 0xcb,
    0xbb, 0xbb, 0xbb, 0xbb, 0xbb, 0xff, 0xff, 0xa0,
    0x0, 0x0, 0xaf, 0xff, 0xf1, 0x0, 0x0, 0x0,
    0x0, 0x0, 0xb, 0xff, 0xff, 0x0, 0x0, 0x1f,
    0xff, 0xfb, 0x0, 0x0, 0x0, 0x0, 0x0, 0x0,
    0x6f, 0xff, 0xf5, 0x0, 0x6, 0xff, 0xff, 0x50,
    0x0, 0x0, 0x0, 0x0, 0x0, 0x1, 0xff, 0xff,
    0xb0, 0x0, 0xcf, 0xff, 0xf0, 0x0, 0x0, 0x0,
    0x0, 0x0, 0x0, 0xa, 0xff, 0xff, 0x10, 0x1f,
    0xff, 0xfa, 0x0, 0x0, 0x0, 0x0, 0x0, 0x0,
    0x0, 0x5f, 0xff, 0xf7, 0x7, 0xff, 0xff, 0x50,
    0x0, 0x0, 0x0, 0x0, 0x0, 0x0, 0x0, 0xff,
    0xff, 0xd0, 0xdf, 0xff, 0xf0, 0x0, 0x0, 0x0,
    0x0, 0x0, 0x0, 0x0, 0xa, 0xff, 0xff, 0x20,

    /* U+0042 "B" */
    0xcf, 0xff, 0xff, 0xff, 0xff, 0xff, 0xec, 0x93,
    0x0, 0x0, 0x0, 0xcf, 0xff, 0xff, 0xff, 0xff,
    0xff, 0xff, 0xff, 0xc2, 0x0, 0x0, 0xcf, 0xff,
    0xff, 0xff, 0xff, 0xff, 0xff, 0xff, 0xff, 0x30,
    0x0, 0xcf, 0xff, 0xec, 0xcc, 0xcc, 0xcd, 0xff,
    0xff, 0xff, 0xe0, 0x0, 0xcf, 0xff, 0xa0, 0x0,
    0x0, 0x0, 0x5, 0xef, 0xff, 0xf7, 0x0, 0xcf,
    0xff, 0xa0, 0x0, 0x0, 0x0, 0x0, 0x2f, 0xff,
    0xfd, 0x0, 0xcf, 0xff, 0xa0, 0x0, 0x0, 0x0,
    0x0, 0x8, 0xff, 0xff, 0x0, 0xcf, 0xff, 0xa0,
    0x0, 0x0, 0x0, 0x0, 0x4, 0xff, 0xff, 0x10,
    0xcf, 0xff, 0xa0, 0x0, 0x0, 0x0, 0x0, 0x5,
    0xff, 0xff, 0x0, 0xcf, 0xff, 0xa0, 0x0, 0x0,
    0x0, 0x0, 0x8, 0xff, 0xfe, 0x0, 0xcf, 0xff,
    0xa0, 0x0, 0x0, 0x0, 0x0, 0x1e, 0xff, 0xf8,
    0x0, 0xcf, 0xff, 0xa0, 0x0, 0x0, 0x0, 0x2,
    0xdf, 0xff, 0xd0, 0x0, 0xcf, 0xff, 0xc6, 0x66,
    0x66, 0x68, 0xbf, 0xff, 0xfb, 0x10, 0x0, 0xcf,
    0xff, 0xff, 0xff, 0xff, 0xff, 0xff, 0xfb, 0x40,
    0x0, 0x0, 0xcf, 0xff, 0xff, 0xff, 0xff, 0xff,
    0xff, 0xfe, 0xb5, 0x0, 0x0, 0xcf, 0xff, 0xff,
    0xff, 0xff, 0xff, 0xff, 0xff, 0xff, 0xa0, 0x0,
    0xcf, 0xff, 0xa0, 0x0, 0x0, 0x0, 0x26, 0xdf,
    0xff, 0xfb, 0x0, 0xcf, 0xff, 0xa0, 0x0, 0x0,
    0x0, 0x0, 0xa, 0xff, 0xff, 0x50, 0xcf, 0xff,
    0xa0, 0x0, 0x0, 0x0, 0x0, 0x0, 0xdf, 0xff,
    0xc0, 0xcf, 0xff, 0xa0, 0x0, 0x0, 0x0, 0x0,
    0x0, 0x6f, 0xff, 0xf1, 0xcf, 0xff, 0xa0, 0x0,
    0x0, 0x0, 0x0, 0x0, 0x3f, 0xff, 0xf3, 0xcf,
    0xff, 0xa0, 0x0, 0x0, 0x0, 0x0, 0x0, 0x3f,
    0xff, 0xf3, 0xcf, 0xff, 0xa0, 0x0, 0x0, 0x0,
    0x0, 0x0, 0x7f, 0xff, 0xf2, 0xcf, 0xff, 0xa0,
    0x0, 0x0, 0x0, 0x0, 0x2, 0xff, 0xff, 0xe0,
    0xcf, 0xff, 0xa0, 0x0, 0x0, 0x0, 0x1, 0x6e,
    0xff, 0xff, 0x80, 0xcf, 0xff, 0xfd, 0xdd, 0xdd,
    0xdd, 0xef, 0xff, 0xff, 0xfe, 0x10, 0xcf, 0xff,
    0xff, 0xff, 0xff, 0xff, 0xff, 0xff, 0xff, 0xe3,
    0x0, 0xcf, 0xff, 0xff, 0xff, 0xff, 0xff, 0xff,
    0xff, 0xfb, 0x10, 0x0, 0xcf, 0xff, 0xff, 0xff,
    0xff, 0xff, 0xfe, 0xb8, 0x20, 0x0, 0x0,

    /* U+0043 "C" */
    0x0, 0x0, 0x0, 0x0, 0x27, 0xbe, 0xff, 0xfd,
    0xa6, 0x10, 0x0, 0x0, 0x0, 0x0, 0x0, 0x0,
    0x3b, 0xff, 0xff, 0xff, 0xff, 0xff, 0xf9, 0x10,
    0x0, 0x0, 0x0, 0x0, 0x8, 0xff, 0xff, 0xff,
    0xff, 0xff, 0xff, 0xff, 0xe4, 0x0, 0x0, 0x0,
    0x0, 0xbf, 0xff, 0xff, 0xff, 0xff, 0xff, 0xff,
    0xff, 0xff, 0x50, 0x0, 0x0, 0xa, 0xff, 0xff,
    0xfe, 0x83, 0x10, 0x14, 0x9f, 0xff, 0xff, 0xf3,
    0x0, 0x0, 0x5f, 0xff, 0xff, 0x80, 0x0, 0x0,
    0x0, 0x1, 0xbf, 0xff, 0xfd, 0x0, 0x0, 0xef,
    0xff, 0xf5, 0x0, 0x0, 0x0, 0x0, 0x0, 0xa,
    0xff, 0xff, 0x60, 0x7, 0xff, 0xff, 0x80, 0x0,
    0x0, 0x0, 0x0, 0x0, 0x0, 0xef, 0xff, 0xc0,
    0xd, 0xff, 0xfe, 0x0, 0x0, 0x0, 0x0, 0x0,
    0x0, 0x0, 0x7f, 0xff, 0xf1, 0x2f, 0xff, 0xf7,
    0x0, 0x0, 0x0, 0x0, 0x0, 0x0, 0x0, 0x28,
    0x88, 0x82, 0x6f, 0xff, 0xf2, 0x0, 0x0, 0x0,
    0x0, 0x0, 0x0, 0x0, 0x0, 0x0, 0x0, 0x9f,
    0xff, 0xe0, 0x0, 0x0, 0x0, 0x0, 0x0, 0x0,
    0x0, 0x0, 0x0, 0x0, 0xbf, 0xff, 0xb0, 0x0,
    0x0, 0x0, 0x0, 0x0, 0x0, 0x0, 0x0, 0x0,
    0x0, 0xcf, 0xff, 0xa0, 0x0, 0x0, 0x0, 0x0,
    0x0, 0x0, 0x0, 0x0, 0x0, 0x0, 0xcf, 0xff,
    0xa0, 0x0, 0x0, 0x0, 0x0, 0x0, 0x0, 0x0,
    0x0, 0x0, 0x0, 0xcf, 0xff, 0xa0, 0x0, 0x0,
    0x0, 0x0, 0x0, 0x0, 0x0, 0x0, 0x0, 0x0,
    0xbf, 0xff, 0xb0, 0x0, 0x0, 0x0, 0x0, 0x0,
    0x0, 0x0, 0x0, 0x0, 0x0, 0x9f, 0xff, 0xe0,
    0x0, 0x0, 0x0, 0x0, 0x0, 0x0, 0x0, 0x0,
    0x0, 0x0, 0x6f, 0xff, 0xf2, 0x0, 0x0, 0x0,
    0x0, 0x0, 0x0, 0x0, 0x0, 0x0, 0x0, 0x2f,
    0xff, 0xf7, 0x0, 0x0, 0x0, 0x0, 0x0, 0x0,
    0x0, 0x29, 0x99, 0x92, 0xd, 0xff, 0xfe, 0x0,
    0x0, 0x0, 0x0, 0x0, 0x0, 0x0, 0x7f, 0xff,
    0xf1, 0x7, 0xff, 0xff, 0x80, 0x0, 0x0, 0x0,
    0x0, 0x0, 0x1, 0xef, 0xff, 0xc0, 0x0, 0xef,
    0xff, 0xf5, 0x0, 0x0, 0x0, 0x0, 0x0, 0xb,
    0xff, 0xff, 0x50, 0x0, 0x5f, 0xff, 0xff, 0x80,
    0x0, 0x0, 0x0, 0x1, 0xbf, 0xff, 0xfd, 0x0,
    0x0, 0xa, 0xff, 0xff, 0xfe, 0x83, 0x10, 0x14,
    0x9f, 0xff, 0xff, 0xf2, 0x0, 0x0, 0x0, 0xbf,
    0xff, 0xff, 0xff, 0xff, 0xff, 0xff, 0xff, 0xff,
    0x40, 0x0, 0x0, 0x0, 0x8, 0xff, 0xff, 0xff,
    0xff, 0xff, 0xff, 0xff, 0xe3, 0x0, 0x0, 0x0,
    0x0, 0x0, 0x3b, 0xff, 0xff, 0xff, 0xff, 0xff,
    0xf8, 0x0, 0x0, 0x0, 0x0, 0x0, 0x0, 0x0,
    0x27, 0xbe, 0xff, 0xfd, 0xa6, 0x0, 0x0, 0x0,
    0x0,

    /* U+0044 "D" */
    0xcf, 0xff, 0xff, 0xff, 0xff, 0xfe, 0xda, 0x61,
    0x0, 0x0, 0x0, 0x0, 0xcf, 0xff, 0xff, 0xff,
    0xff, 0xff, 0xff, 0xff, 0xb2, 0x0, 0x0, 0x0,
    0xcf, 0xff, 0xff, 0xff, 0xff, 0xff, 0xff, 0xff,
    0xff, 0x80, 0x0, 0x0, 0xcf, 0xff, 0xfe, 0xee,
    0xee, 0xef, 0xff, 0xff, 0xff, 0xfa, 0x0, 0x0,
    0xcf, 0xff, 0xa0, 0x0, 0x0, 0x0, 0x27, 0xdf,
    0xff, 0xff, 0xa0, 0x0, 0xcf, 0xff, 0xa0, 0x0,
    0x0, 0x0, 0x0, 0x6, 0xff, 0xff, 0xf5, 0x0,
    0xcf, 0xff, 0xa0, 0x0, 0x0, 0x0, 0x0, 0x0,
    0x4f, 0xff, 0xfe, 0x0, 0xcf, 0xff, 0xa0, 0x0,
    0x0, 0x0, 0x0, 0x0, 0x7, 0xff, 0xff, 0x60,
    0xcf, 0xff, 0xa0, 0x0, 0x0, 0x0, 0x0, 0x0,
    0x0, 0xdf, 0xff, 0xc0, 0xcf, 0xff, 0xa0, 0x0,
    0x0, 0x0, 0x0, 0x0, 0x0, 0x7f, 0xff, 0xf1,
    0xcf, 0xff, 0xa0, 0x0, 0x0, 0x0, 0x0, 0x0,
    0x0, 0x2f, 0xff, 0xf5, 0xcf, 0xff, 0xa0, 0x0,
    0x0, 0x0, 0x0, 0x0, 0x0, 0xe, 0xff, 0xf7,
    0xcf, 0xff, 0xa0, 0x0, 0x0, 0x0, 0x0, 0x0,
    0x0, 0xc, 0xff, 0xf9, 0xcf, 0xff, 0xa0, 0x0,
    0x0, 0x0, 0x0, 0x0, 0x0, 0xb, 0xff, 0xfa,
    0xcf, 0xff, 0xa0, 0x0, 0x0, 0x0, 0x0, 0x0,
    0x0, 0xb, 0xff, 0xfa, 0xcf, 0xff, 0xa0, 0x0,
    0x0, 0x0, 0x0, 0x0, 0x0, 0xb, 0xff, 0xfa,
    0xcf, 0xff, 0xa0, 0x0, 0x0, 0x0, 0x0, 0x0,
    0x0, 0xc, 0xff, 0xf9, 0xcf, 0xff, 0xa0, 0x0,
    0x0, 0x0, 0x0, 0x0, 0x0, 0xf, 0xff, 0xf7,
    0xcf, 0xff, 0xa0, 0x0, 0x0, 0x0, 0x0, 0x0,
    0x0, 0x2f, 0xff, 0xf4, 0xcf, 0xff, 0xa0, 0x0,
    0x0, 0x0, 0x0, 0x0, 0x0, 0x7f, 0xff, 0xf1,
    0xcf, 0xff, 0xa0, 0x0, 0x0, 0x0, 0x0, 0x0,
    0x0, 0xef, 0xff, 0xc0, 0xcf, 0xff, 0xa0, 0x0,
    0x0, 0x0, 0x0, 0x0, 0x7, 0xff, 0xff, 0x60,
    0xcf, 0xff, 0xa0, 0x0, 0x0, 0x0, 0x0, 0x0,
    0x4f, 0xff, 0xfd, 0x0, 0xcf, 0xff, 0xa0, 0x0,
    0x0, 0x0, 0x0, 0x7, 0xff, 0xff, 0xf4, 0x0,
    0xcf, 0xff, 0xa0, 0x0, 0x0, 0x0, 0x37, 0xef,
    0xff, 0xff, 0x80, 0x0, 0xcf, 0xff, 0xfe, 0xee,
    0xee, 0xef, 0xff, 0xff, 0xff, 0xf9, 0x0, 0x0,
    0xcf, 0xff, 0xff, 0xff, 0xff, 0xff, 0xff, 0xff,
    0xff, 0x60, 0x0, 0x0, 0xcf, 0xff, 0xff, 0xff,
    0xff, 0xff, 0xff, 0xff, 0x92, 0x0, 0x0, 0x0,
    0xcf, 0xff, 0xff, 0xff, 0xff, 0xfe, 0xc9, 0x51,
    0x0, 0x0, 0x0, 0x0,

    /* U+0045 "E" */
    0xcf, 0xff, 0xff, 0xff, 0xff, 0xff, 0xff, 0xff,
    0xff, 0x8c, 0xff, 0xff, 0xff, 0xff, 0xff, 0xff,
    0xff, 0xff, 0xf8, 0xcf, 0xff, 0xff, 0xff, 0xff,
    0xff, 0xff, 0xff, 0xff, 0x8c, 0xff, 0xfe, 0xcc,
    0xcc, 0xcc, 0xcc, 0xcc, 0xcc, 0xc7, 0xcf, 0xff,
    0xa0, 0x0, 0x0, 0x0, 0x0, 0x0, 0x0, 0xc,
    0xff, 0xfa, 0x0, 0x0, 0x0, 0x0, 0x0, 0x0,
    0x0, 0xcf, 0xff, 0xa0, 0x0, 0x0, 0x0, 0x0,
    0x0, 0x0, 0xc, 0xff, 0xfa, 0x0, 0x0, 0x0,
    0x0, 0x0, 0x0, 0x0, 0xcf, 0xff, 0xa0, 0x0,
    0x0, 0x0, 0x0, 0x0, 0x0, 0xc, 0xff, 0xfa,
    0x0, 0x0, 0x0, 0x0, 0x0, 0x0, 0x0, 0xcf,
    0xff, 0xa0, 0x0, 0x0, 0x0, 0x0, 0x0, 0x0,
    0xc, 0xff, 0xfa, 0x0, 0x0, 0x0, 0x0, 0x0,
    0x0, 0x0, 0xcf, 0xff, 0xec, 0xcc, 0xcc, 0xcc,
    0xcc, 0xcc, 0xc6, 0xc, 0xff, 0xff, 0xff, 0xff,
    0xff, 0xff, 0xff, 0xff, 0x80, 0xcf, 0xff, 0xff,
    0xff, 0xff, 0xff, 0xff, 0xff, 0xf8, 0xc, 0xff,
    0xff, 0xff, 0xff, 0xff, 0xff, 0xff, 0xff, 0x80,
    0xcf, 0xff, 0xa0, 0x0, 0x0, 0x0, 0x0, 0x0,
    0x0, 0xc, 0xff, 0xfa, 0x0, 0x0, 0x0, 0x0,
    0x0, 0x0, 0x0, 0xcf, 0xff, 0xa0, 0x0, 0x0,
    0x0, 0x0, 0x0, 0x0, 0xc, 0xff, 0xfa, 0x0,
    0x0, 0x0, 0x0, 0x0, 0x0, 0x0, 0xcf, 0xff,
    0xa0, 0x0, 0x0, 0x0, 0x0, 0x0, 0x0, 0xc,
    0xff, 0xfa, 0x0, 0x0, 0x0, 0x0, 0x0, 0x0,
    0x0, 0xcf, 0xff, 0xa0, 0x0, 0x0, 0x0, 0x0,
    0x0, 0x0, 0xc, 0xff, 0xfa, 0x0, 0x0, 0x0,
    0x0, 0x0, 0x0, 0x0, 0xcf, 0xff, 0xa0, 0x0,
    0x0, 0x0, 0x0, 0x0, 0x0, 0xc, 0xff, 0xff,
    0xdd, 0xdd, 0xdd, 0xdd, 0xdd, 0xdd, 0xd8, 0xcf,
    0xff, 0xff, 0xff, 0xff, 0xff, 0xff, 0xff, 0xff,
    0xac, 0xff, 0xff, 0xff, 0xff, 0xff, 0xff, 0xff,
    0xff, 0xfa, 0xcf, 0xff, 0xff, 0xff, 0xff, 0xff,
    0xff, 0xff, 0xff, 0xa0,

    /* U+0046 "F" */
    0xcf, 0xff, 0xff, 0xff, 0xff, 0xff, 0xff, 0xff,
    0xff, 0x5c, 0xff, 0xff, 0xff, 0xff, 0xff, 0xff,
    0xff, 0xff, 0xf5, 0xcf, 0xff, 0xff, 0xff, 0xff,
    0xff, 0xff, 0xff, 0xff, 0x5c, 0xff, 0xfe, 0xcc,
    0xcc, 0xcc, 0xcc, 0xcc, 0xcc, 0xc4, 0xcf, 0xff,
    0xa0, 0x0, 0x0, 0x0, 0x0, 0x0, 0x0, 0xc,
    0xff, 0xfa, 0x0, 0x0, 0x0, 0x0, 0x0, 0x0,
    0x0, 0xcf, 0xff, 0xa0, 0x0, 0x0, 0x0, 0x0,
    0x0, 0x0, 0xc, 0xff, 0xfa, 0x0, 0x0, 0x0,
    0x0, 0x0, 0x0, 0x0, 0xcf, 0xff, 0xa0, 0x0,
    0x0, 0x0, 0x0, 0x0, 0x0, 0xc, 0xff, 0xfa,
    0x0, 0x0, 0x0, 0x0, 0x0, 0x0, 0x0, 0xcf,
    0xff, 0xa0, 0x0, 0x0, 0x0, 0x0, 0x0, 0x0,
    0xc, 0xff, 0xfa, 0x0, 0x0, 0x0, 0x0, 0x0,
    0x0, 0x0, 0xcf, 0xff, 0xa0, 0x0, 0x0, 0x0,
    0x0, 0x0, 0x0, 0xc, 0xff, 0xfe, 0xcc, 0xcc,
    0xcc, 0xcc, 0xcc, 0xcc, 0x0, 0xcf, 0xff, 0xff,
    0xff, 0xff, 0xff, 0xff, 0xff, 0xf0, 0xc, 0xff,
    0xff, 0xff, 0xff, 0xff, 0xff, 0xff, 0xff, 0x0,
    0xcf, 0xff, 0xff, 0xff, 0xff, 0xff, 0xff, 0xff,
    0xf0, 0xc, 0xff, 0xfa, 0x0, 0x0, 0x0, 0x0,
    0x0, 0x0, 0x0, 0xcf, 0xff, 0xa0, 0x0, 0x0,
    0x0, 0x0, 0x0, 0x0, 0xc, 0xff, 0xfa, 0x0,
    0x0, 0x0, 0x0, 0x0, 0x0, 0x0, 0xcf, 0xff,
    0xa0, 0x0, 0x0, 0x0, 0x0, 0x0, 0x0, 0xc,
    0xff, 0xfa, 0x0, 0x0, 0x0, 0x0, 0x0, 0x0,
    0x0, 0xcf, 0xff, 0xa0, 0x0, 0x0, 0x0, 0x0,
    0x0, 0x0, 0xc, 0xff, 0xfa, 0x0, 0x0, 0x0,
    0x0, 0x0, 0x0, 0x0, 0xcf, 0xff, 0xa0, 0x0,
    0x0, 0x0, 0x0, 0x0, 0x0, 0xc, 0xff, 0xfa,
    0x0, 0x0, 0x0, 0x0, 0x0, 0x0, 0x0, 0xcf,
    0xff, 0xa0, 0x0, 0x0, 0x0, 0x0, 0x0, 0x0,
    0xc, 0xff, 0xfa, 0x0, 0x0, 0x0, 0x0, 0x0,
    0x0, 0x0, 0xcf, 0xff, 0xa0, 0x0, 0x0, 0x0,
    0x0, 0x0, 0x0, 0x0,

    /* U+0047 "G" */
    0x0, 0x0, 0x0, 0x0, 0x28, 0xbe, 0xff, 0xfd,
    0xa5, 0x0, 0x0, 0x0, 0x0, 0x0, 0x0, 0x0,
    0x3c, 0xff, 0xff, 0xff, 0xff, 0xff, 0xf8, 0x10,
    0x0, 0x0, 0x0, 0x0, 0x8, 0xff, 0xff, 0xff,
    0xff, 0xff, 0xff, 0xff, 0xe4, 0x0, 0x0, 0x0,
    0x0, 0xbf, 0xff, 0xff, 0xff, 0xff, 0xff, 0xff,
    0xff, 0xff, 0x50, 0x0, 0x0, 0xa, 0xff, 0xff,
    0xfe, 0x73, 0x10, 0x24, 0x9f, 0xff, 0xff, 0xf3,
    0x0, 0x0, 0x5f, 0xff, 0xff, 0x80, 0x0, 0x0,
    0x0, 0x2, 0xcf, 0xff, 0xfe, 0x0, 0x0, 0xef,
    0xff, 0xf5, 0x0, 0x0, 0x0, 0x0, 0x0, 0xc,
    0xff, 0xff, 0x70, 0x7, 0xff, 0xff, 0x80, 0x0,
    0x0, 0x0, 0x0, 0x0, 0x1, 0xff, 0xff, 0xe0,
    0xd, 0xff, 0xfe, 0x0, 0x0, 0x0, 0x0, 0x0,
    0x0, 0x0, 0x8f, 0xff, 0xf2, 0x2f, 0xff, 0xf7,
    0x0, 0x0, 0x0, 0x0, 0x0, 0x0, 0x0, 0x14,
    0x44, 0x41, 0x6f, 0xff, 0xf2, 0x0, 0x0, 0x0,
    0x0, 0x0, 0x0, 0x0, 0x0, 0x0, 0x0, 0x9f,
    0xff, 0xe0, 0x0, 0x0, 0x0, 0x0, 0x0, 0x0,
    0x0, 0x0, 0x0, 0x0, 0xbf, 0xff, 0xb0, 0x0,
    0x0, 0x0, 0x0, 0x0, 0x0, 0x0, 0x0, 0x0,
    0x0, 0xcf, 0xff, 0xa0, 0x0, 0x0, 0x0, 0x0,
    0x0, 0x0, 0x0, 0x0, 0x0, 0x0, 0xcf, 0xff,
    0xa0, 0x0, 0x0, 0x0, 0x0, 0xef, 0xff, 0xff,
    0xff, 0xff, 0xf9, 0xcf, 0xff, 0xa0, 0x0, 0x0,
    0x0, 0x0, 0xef, 0xff, 0xff, 0xff, 0xff, 0xf9,
    0xbf, 0xff, 0xb0, 0x0, 0x0, 0x0, 0x0, 0xef,
    0xff, 0xff, 0xff, 0xff, 0xf9, 0x9f, 0xff, 0xe0,
    0x0, 0x0, 0x0, 0x0, 0x9a, 0xaa, 0xaa, 0xae,
    0xff, 0xf9, 0x6f, 0xff, 0xf2, 0x0, 0x0, 0x0,
    0x0, 0x0, 0x0, 0x0, 0xd, 0xff, 0xf8, 0x2f,
    0xff, 0xf7, 0x0, 0x0, 0x0, 0x0, 0x0, 0x0,
    0x0, 0xf, 0xff, 0xf6, 0xd, 0xff, 0xfe, 0x0,
    0x0, 0x0, 0x0, 0x0, 0x0, 0x0, 0x4f, 0xff,
    0xf3, 0x7, 0xff, 0xff, 0x80, 0x0, 0x0, 0x0,
    0x0, 0x0, 0x0, 0xcf, 0xff, 0xe0, 0x0, 0xef,
    0xff, 0xf5, 0x0, 0x0, 0x0, 0x0, 0x0, 0x7,
    0xff, 0xff, 0x80, 0x0, 0x6f, 0xff, 0xff, 0x80,
    0x0, 0x0, 0x0, 0x0, 0x9f, 0xff, 0xfe, 0x10,
    0x0, 0xa, 0xff, 0xff, 0xfe, 0x83, 0x10, 0x14,
    0x8e, 0xff, 0xff, 0xf5, 0x0, 0x0, 0x0, 0xbf,
    0xff, 0xff, 0xff, 0xff, 0xff, 0xff, 0xff, 0xff,
    0x70, 0x0, 0x0, 0x0, 0x8, 0xff, 0xff, 0xff,
    0xff, 0xff, 0xff, 0xff, 0xf6, 0x0, 0x0, 0x0,
    0x0, 0x0, 0x3c, 0xff, 0xff, 0xff, 0xff, 0xff,
    0xfa, 0x20, 0x0, 0x0, 0x0, 0x0, 0x0, 0x0,
    0x27, 0xbe, 0xff, 0xfd, 0xb7, 0x10, 0x0, 0x0,
    0x0,

    /* U+0048 "H" */
    0xcf, 0xff, 0xa0, 0x0, 0x0, 0x0, 0x0, 0x0,
    0x0, 0xe, 0xff, 0xf9, 0xcf, 0xff, 0xa0, 0x0,
    0x0, 0x0, 0x0, 0x0, 0x0, 0xe, 0xff, 0xf9,
    0xcf, 0xff, 0xa0, 0x0, 0x0, 0x0, 0x0, 0x0,
    0x0, 0xe, 0xff, 0xf9, 0xcf, 0xff, 0xa0, 0x0,
    0x0, 0x0, 0x0, 0x0, 0x0, 0xe, 0xff, 0xf9,
    0xcf, 0xff, 0xa0, 0x0, 0x0, 0x0, 0x0, 0x0,
    0x0, 0xe, 0xff, 0xf9, 0xcf, 0xff, 0xa0, 0x0,
    0x0, 0x0, 0x0, 0x0, 0x0, 0xe, 0xff, 0xf9,
    0xcf, 0xff, 0xa0, 0x0, 0x0, 0x0, 0x0, 0x0,
    0x0, 0xe, 0xff, 0xf9, 0xcf, 0xff, 0xa0, 0x0,
    0x0, 0x0, 0x0, 0x0, 0x0, 0xe, 0xff, 0xf9,
    0xcf, 0xff, 0xa0, 0x0, 0x0, 0x0, 0x0, 0x0,
    0x0, 0xe, 0xff, 0xf9, 0xcf, 0xff, 0xa0, 0x0,
    0x0, 0x0, 0x0, 0x0, 0x0, 0xe, 0xff, 0xf9,
    0xcf, 0xff, 0xa0, 0x0, 0x0, 0x0, 0x0, 0x0,
    0x0, 0xe, 0xff, 0xf9, 0xcf, 0xff, 0xa0, 0x0,
    0x0, 0x0, 0x0, 0x0, 0x0, 0xe, 0xff, 0xf9,
    0xcf, 0xff, 0xfd, 0xdd, 0xdd, 0xdd, 0xdd, 0xdd,
    0xdd, 0xdf, 0xff, 0xf9, 0xcf, 0xff, 0xff, 0xff,
    0xff, 0xff, 0xff, 0xff, 0xff, 0xff, 0xff, 0xf9,
    0xcf, 0xff, 0xff, 0xff, 0xff, 0xff, 0xff, 0xff,
    0xff, 0xff, 0xff, 0xf9, 0xcf, 0xff, 0xff, 0xff,
    0xff, 0xff, 0xff, 0xff, 0xff, 0xff, 0xff, 0xf9,
    0xcf, 0xff, 0xa0, 0x0, 0x0, 0x0, 0x0, 0x0,
    0x0, 0xe, 0xff, 0xf9, 0xcf, 0xff, 0xa0, 0x0,
    0x0, 0x0, 0x0, 0x0, 0x0, 0xe, 0xff, 0xf9,
    0xcf, 0xff, 0xa0, 0x0, 0x0, 0x0, 0x0, 0x0,
    0x0, 0xe, 0xff, 0xf9, 0xcf, 0xff, 0xa0, 0x0,
    0x0, 0x0, 0x0, 0x0, 0x0, 0xe, 0xff, 0xf9,
    0xcf, 0xff, 0xa0, 0x0, 0x0, 0x0, 0x0, 0x0,
    0x0, 0xe, 0xff, 0xf9, 0xcf, 0xff, 0xa0, 0x0,
    0x0, 0x0, 0x0, 0x0, 0x0, 0xe, 0xff, 0xf9,
    0xcf, 0xff, 0xa0, 0x0, 0x0, 0x0, 0x0, 0x0,
    0x0, 0xe, 0xff, 0xf9, 0xcf, 0xff, 0xa0, 0x0,
    0x0, 0x0, 0x0, 0x0, 0x0, 0xe, 0xff, 0xf9,
    0xcf, 0xff, 0xa0, 0x0, 0x0, 0x0, 0x0, 0x0,
    0x0, 0xe, 0xff, 0xf9, 0xcf, 0xff, 0xa0, 0x0,
    0x0, 0x0, 0x0, 0x0, 0x0, 0xe, 0xff, 0xf9,
    0xcf, 0xff, 0xa0, 0x0, 0x0, 0x0, 0x0, 0x0,
    0x0, 0xe, 0xff, 0xf9, 0xcf, 0xff, 0xa0, 0x0,
    0x0, 0x0, 0x0, 0x0, 0x0, 0xe, 0xff, 0xf9,
    0xcf, 0xff, 0xa0, 0x0, 0x0, 0x0, 0x0, 0x0,
    0x0, 0xe, 0xff, 0xf9,

    /* U+0049 "I" */
    0xcf, 0xff, 0xac, 0xff, 0xfa, 0xcf, 0xff, 0xac,
    0xff, 0xfa, 0xcf, 0xff, 0xac, 0xff, 0xfa, 0xcf,
    0xff, 0xac, 0xff, 0xfa, 0xcf, 0xff, 0xac, 0xff,
    0xfa, 0xcf, 0xff, 0xac, 0xff, 0xfa, 0xcf, 0xff,
    0xac, 0xff, 0xfa, 0xcf, 0xff, 0xac, 0xff, 0xfa,
    0xcf, 0xff, 0xac, 0xff, 0xfa, 0xcf, 0xff, 0xac,
    0xff, 0xfa, 0xcf, 0xff, 0xac, 0xff, 0xfa, 0xcf,
    0xff, 0xac, 0xff, 0xfa, 0xcf, 0xff, 0xac, 0xff,
    0xfa, 0xcf, 0xff, 0xac, 0xff, 0xfa, 0xcf, 0xff,
    0xa0,

    /* U+004A "J" */
    0x0, 0x0, 0x0, 0x0, 0x0, 0x0, 0x0, 0xaf,
    0xff, 0xc0, 0x0, 0x0, 0x0, 0x0, 0x0, 0x0,
    0xa, 0xff, 0xfc, 0x0, 0x0, 0x0, 0x0, 0x0,
    0x0, 0x0, 0xaf, 0xff, 0xc0, 0x0, 0x0, 0x0,
    0x0, 0x0, 0x0, 0xa, 0xff, 0xfc, 0x0, 0x0,
    0x0, 0x0, 0x0, 0x0, 0x0, 0xaf, 0xff, 0xc0,
    0x0, 0x0, 0x0, 0x0, 0x0, 0x0, 0xa, 0xff,
    0xfc, 0x0, 0x0, 0x0, 0x0, 0x0, 0x0, 0x0,
    0xaf, 0xff, 0xc0, 0x0, 0x0, 0x0, 0x0, 0x0,
    0x0, 0xa, 0xff, 0xfc, 0x0, 0x0, 0x0, 0x0,
    0x0, 0x0, 0x0, 0xaf, 0xff, 0xc0, 0x0, 0x0,
    0x0, 0x0, 0x0, 0x0, 0xa, 0xff, 0xfc, 0x0,
    0x0, 0x0, 0x0, 0x0, 0x0, 0x0, 0xaf, 0xff,
    0xc0, 0x0, 0x0, 0x0, 0x0, 0x0, 0x0, 0xa,
    0xff, 0xfc, 0x0, 0x0, 0x0, 0x0, 0x0, 0x0,
    0x0, 0xaf, 0xff, 0xc0, 0x0, 0x0, 0x0, 0x0,
    0x0, 0x0, 0xa, 0xff, 0xfc, 0x0, 0x0, 0x0,
    0x0, 0x0, 0x0, 0x0, 0xaf, 0xff, 0xc0, 0x0,
    0x0, 0x0, 0x0, 0x0, 0x0, 0xa, 0xff, 0xfc,
    0x0, 0x0, 0x0, 0x0, 0x0, 0x0, 0x0, 0xaf,
    0xff, 0xc0, 0x0, 0x0, 0x0, 0x0, 0x0, 0x0,
    0xa, 0xff, 0xfc, 0x15, 0x55, 0x51, 0x0, 0x0,
    0x0, 0x0, 0xaf, 0xff, 0xc4, 0xff, 0xff, 0x30,
    0x0, 0x0, 0x0, 0xa, 0xff, 0xfc, 0x4f, 0xff,
    0xf3, 0x0, 0x0, 0x0, 0x0, 0xaf, 0xff, 0xc3,
    0xff, 0xff, 0x50, 0x0, 0x0, 0x0, 0xb, 0xff,
    0xfb, 0xf, 0xff, 0xf9, 0x0, 0x0, 0x0, 0x0,
    0xff, 0xff, 0x90, 0xcf, 0xff, 0xf2, 0x0, 0x0,
    0x0, 0x8f, 0xff, 0xf5, 0x6, 0xff, 0xff, 0xe4,
    0x0, 0x0, 0x8f, 0xff, 0xfe, 0x0, 0xc, 0xff,
    0xff, 0xfe, 0xcc, 0xff, 0xff, 0xff, 0x50, 0x0,
    0x1d, 0xff, 0xff, 0xff, 0xff, 0xff, 0xff, 0x80,
    0x0, 0x0, 0x1a, 0xff, 0xff, 0xff, 0xff, 0xfe,
    0x50, 0x0, 0x0, 0x0, 0x2, 0x8c, 0xef, 0xfe,
    0xb6, 0x0, 0x0, 0x0,

    /* U+004B "K" */
    0xcf, 0xff, 0xa0, 0x0, 0x0, 0x0, 0x0, 0x0,
    0xc, 0xff, 0xff, 0xc0, 0xcf, 0xff, 0xa0, 0x0,
    0x0, 0x0, 0x0, 0x0, 0xbf, 0xff, 0xfd, 0x10,
    0xcf, 0xff, 0xa0, 0x0, 0x0, 0x0, 0x0, 0x9,
    0xff, 0xff, 0xe2, 0x0, 0xcf, 0xff, 0xa0, 0x0,
    0x0, 0x0, 0x0, 0x8f, 0xff, 0xff, 0x30, 0x0,
    0xcf, 0xff, 0xa0, 0x0, 0x0, 0x0, 0x6, 0xff,
    0xff, 0xf4, 0x0, 0x0, 0xcf, 0xff, 0xa0, 0x0,
    0x0, 0x0, 0x5f, 0xff, 0xff, 0x50, 0x0, 0x0,
    0xcf, 0xff, 0xa0, 0x0, 0x0, 0x4, 0xff, 0xff,
    0xf6, 0x0, 0x0, 0x0, 0xcf, 0xff, 0xa0, 0x0,
    0x0, 0x3f, 0xff, 0xff, 0x70, 0x0, 0x0, 0x0,
    0xcf, 0xff, 0xa0, 0x0, 0x2, 0xef, 0xff, 0xf9,
    0x0, 0x0, 0x0, 0x0, 0xcf, 0xff, 0xa0, 0x0,
    0x1d, 0xff, 0xff, 0xa0, 0x0, 0x0, 0x0, 0x0,
    0xcf, 0xff, 0xa0, 0x0, 0xcf, 0xff, 0xfb, 0x0,
    0x0, 0x0, 0x0, 0x0, 0xcf, 0xff, 0xa0, 0xa,
    0xff, 0xff, 0xc0, 0x0, 0x0, 0x0, 0x0, 0x0,
    0xcf, 0xff, 0xa0, 0x7f, 0xff, 0xff, 0x10, 0x0,
    0x0, 0x0, 0x0, 0x0, 0xcf, 0xff, 0x94, 0xff,
    0xff, 0xff, 0x80, 0x0, 0x0, 0x0, 0x0, 0x0,
    0xcf, 0xff, 0xbe, 0xff, 0xff, 0xff, 0xf3, 0x0,
    0x0, 0x0, 0x0, 0x0, 0xcf, 0xff, 0xff, 0xff,
    0xdf, 0xff, 0xfd, 0x0, 0x0, 0x0, 0x0, 0x0,
    0xcf, 0xff, 0xff, 0xfd, 0x9, 0xff, 0xff, 0xa0,
    0x0, 0x0, 0x0, 0x0, 0xcf, 0xff, 0xff, 0xd1,
    0x0, 0xdf, 0xff, 0xf5, 0x0, 0x0, 0x0, 0x0,
    0xcf, 0xff, 0xfe, 0x10, 0x0, 0x3f, 0xff, 0xfe,
    0x10, 0x0, 0x0, 0x0, 0xcf, 0xff, 0xe2, 0x0,
    0x0, 0x7, 0xff, 0xff, 0xb0, 0x0, 0x0, 0x0,
    0xcf, 0xff, 0xa0, 0x0, 0x0, 0x0, 0xcf, 0xff,
    0xf7, 0x0, 0x0, 0x0, 0xcf, 0xff, 0xa0, 0x0,
    0x0, 0x0, 0x2f, 0xff, 0xff, 0x20, 0x0, 0x0,
    0xcf, 0xff, 0xa0, 0x0, 0x0, 0x0, 0x6, 0xff,
    0xff, 0xd0, 0x0, 0x0, 0xcf, 0xff, 0xa0, 0x0,
    0x0, 0x0, 0x0, 0xaf, 0xff, 0xf8, 0x0, 0x0,
    0xcf, 0xff, 0xa0, 0x0, 0x0, 0x0, 0x0, 0x1e,
    0xff, 0xff, 0x40, 0x0, 0xcf, 0xff, 0xa0, 0x0,
    0x0, 0x0, 0x0, 0x4, 0xff, 0xff, 0xe1, 0x0,
    0xcf, 0xff, 0xa0, 0x0, 0x0, 0x0, 0x0, 0x0,
    0x9f, 0xff, 0xfa, 0x0, 0xcf, 0xff, 0xa0, 0x0,
    0x0, 0x0, 0x0, 0x0, 0xd, 0xff, 0xff, 0x50,
    0xcf, 0xff, 0xa0, 0x0, 0x0, 0x0, 0x0, 0x0,
    0x3, 0xff, 0xff, 0xf2,

    /* U+004C "L" */
    0xcf, 0xff, 0xa0, 0x0, 0x0, 0x0, 0x0, 0x0,
    0x0, 0xcf, 0xff, 0xa0, 0x0, 0x0, 0x0, 0x0,
    0x0, 0x0, 0xcf, 0xff, 0xa0, 0x0, 0x0, 0x0,
    0x0, 0x0, 0x0, 0xcf, 0xff, 0xa0, 0x0, 0x0,
    0x0, 0x0, 0x0, 0x0, 0xcf, 0xff, 0xa0, 0x0,
    0x0, 0x0, 0x0, 0x0, 0x0, 0xcf, 0xff, 0xa0,
    0x0, 0x0, 0x0, 0x0, 0x0, 0x0, 0xcf, 0xff,
    0xa0, 0x0, 0x0, 0x0, 0x0, 0x0, 0x0, 0xcf,
    0xff, 0xa0, 0x0, 0x0, 0x0, 0x0, 0x0, 0x0,
    0xcf, 0xff, 0xa0, 0x0, 0x0, 0x0, 0x0, 0x0,
    0x0, 0xcf, 0xff, 0xa0, 0x0, 0x0, 0x0, 0x0,
    0x0, 0x0, 0xcf, 0xff, 0xa0, 0x0, 0x0, 0x0,
    0x0, 0x0, 0x0, 0xcf, 0xff, 0xa0, 0x0, 0x0,
    0x0, 0x0, 0x0, 0x0, 0xcf, 0xff, 0xa0, 0x0,
    0x0, 0x0, 0x0, 0x0, 0x0, 0xcf, 0xff, 0xa0,
    0x0, 0x0, 0x0, 0x0, 0x0, 0x0, 0xcf, 0xff,
    0xa0, 0x0, 0x0, 0x0, 0x0, 0x0, 0x0, 0xcf,
    0xff, 0xa0, 0x0, 0x0, 0x0, 0x0, 0x0, 0x0,
    0xcf, 0xff, 0xa0, 0x0, 0x0, 0x0, 0x0, 0x0,
    0x0, 0xcf, 0xff, 0xa0, 0x0, 0x0, 0x0, 0x0,
    0x0, 0x0, 0xcf, 0xff, 0xa0, 0x0, 0x0, 0x0,
    0x0, 0x0, 0x0, 0xcf, 0xff, 0xa0, 0x0, 0x0,
    0x0, 0x0, 0x0, 0x0, 0xcf, 0xff, 0xa0, 0x0,
    0x0, 0x0, 0x0, 0x0, 0x0, 0xcf, 0xff, 0xa0,
    0x0, 0x0, 0x0, 0x0, 0x0, 0x0, 0xcf, 0xff,
    0xa0, 0x0, 0x0, 0x0, 0x0, 0x0, 0x0, 0xcf,
    0xff, 0xa0, 0x0, 0x0, 0x0, 0x0, 0x0, 0x0,
    0xcf, 0xff, 0xa0, 0x0, 0x0, 0x0, 0x0, 0x0,
    0x0, 0xcf, 0xff, 0xfd, 0xdd, 0xdd, 0xdd, 0xdd,
    0xdd, 0xdb, 0xcf, 0xff, 0xff, 0xff, 0xff, 0xff,
    0xff, 0xff, 0xfd, 0xcf, 0xff, 0xff, 0xff, 0xff,
    0xff, 0xff, 0xff, 0xfd, 0xcf, 0xff, 0xff, 0xff,
    0xff, 0xff, 0xff, 0xff, 0xfd,

    /* U+004D "M" */
    0xcf, 0xff, 0xff, 0xf0, 0x0, 0x0, 0x0, 0x0,
    0x0, 0x0, 0x0, 0x7, 0xff, 0xff, 0xff, 0x4c,
    0xff, 0xff, 0xff, 0x50, 0x0, 0x0, 0x0, 0x0,
    0x0, 0x0, 0x0, 0xdf, 0xff, 0xff, 0xf4, 0xcf,
    0xff, 0xff, 0xfb, 0x0, 0x0, 0x0, 0x0, 0x0,
    0x0, 0x0, 0x3f, 0xff, 0xff, 0xff, 0x4c, 0xff,
    0xff, 0xff, 0xf2, 0x0, 0x0, 0x0, 0x0, 0x0,
    0x0, 0x9, 0xff, 0xff, 0xff, 0xf4, 0xcf, 0xff,
    0xff, 0xff, 0x80, 0x0, 0x0, 0x0, 0x0, 0x0,
    0x0, 0xff, 0xff, 0xff, 0xff, 0x4c, 0xff, 0xfb,
    0xff, 0xfe, 0x0, 0x0, 0x0, 0x0, 0x0, 0x0,
    0x5f, 0xff, 0xaf, 0xff, 0xf4, 0xcf, 0xff, 0x7f,
    0xff, 0xf4, 0x0, 0x0, 0x0, 0x0, 0x0, 0xb,
    0xff, 0xf6, 0xff, 0xff, 0x4c, 0xff, 0xf7, 0xaf,
    0xff, 0xa0, 0x0, 0x0, 0x0, 0x0, 0x1, 0xff,
    0xff, 0x1f, 0xff, 0xf4, 0xcf, 0xff, 0x75, 0xff,
    0xff, 0x10, 0x0, 0x0, 0x0, 0x0, 0x7f, 0xff,
    0xc0, 0xff, 0xff, 0x4c, 0xff, 0xf7, 0xf, 0xff,
    0xf6, 0x0, 0x0, 0x0, 0x0, 0xd, 0xff, 0xf7,
    0x1f, 0xff, 0xf4, 0xcf, 0xff, 0x80, 0xbf, 0xff,
    0xc0, 0x0, 0x0, 0x0, 0x3, 0xff, 0xff, 0x21,
    0xff, 0xff, 0x4c, 0xff, 0xf8, 0x6, 0xff, 0xff,
    0x20, 0x0, 0x0, 0x0, 0x9f, 0xff, 0xc0, 0x1f,
    0xff, 0xf4, 0xcf, 0xff, 0x80, 0xf, 0xff, 0xf9,
    0x0, 0x0, 0x0, 0xf, 0xff, 0xf7, 0x2, 0xff,
    0xff, 0x4c, 0xff, 0xf9, 0x0, 0xaf, 0xff, 0xe0,
    0x0, 0x0, 0x5, 0xff, 0xff, 0x10, 0x2f, 0xff,
    0xf4, 0xcf, 0xff, 0x90, 0x4, 0xff, 0xff, 0x50,
    0x0, 0x0, 0xcf, 0xff, 0xb0, 0x2, 0xff, 0xff,
    0x4c, 0xff, 0xf9, 0x0, 0xd, 0xff, 0xfb, 0x0,
    0x0, 0x2f, 0xff, 0xf5, 0x0, 0x2f, 0xff, 0xf4,
    0xcf, 0xff, 0x90, 0x0, 0x7f, 0xff, 0xf1, 0x0,
    0x8, 0xff, 0xfe, 0x0, 0x2, 0xff, 0xff, 0x4c,
    0xff, 0xf9, 0x0, 0x1, 0xff, 0xff, 0x60, 0x0,
    0xdf, 0xff, 0x80, 0x0, 0x2f, 0xff, 0xf4, 0xcf,
    0xff, 0x90, 0x0, 0xb, 0xff, 0xfb, 0x0, 0x2f,
    0xff, 0xf2, 0x0, 0x2, 0xff, 0xff, 0x4c, 0xff,
    0xf9, 0x0, 0x0, 0x5f, 0xff, 0xf1, 0x7, 0xff,
    0xfc, 0x0, 0x0, 0x2f, 0xff, 0xf4, 0xcf, 0xff,
    0x90, 0x0, 0x0, 0xef, 0xff, 0x50, 0xbf, 0xff,
    0x60, 0x0, 0x2, 0xff, 0xff, 0x4c, 0xff, 0xf9,
    0x0, 0x0, 0x8, 0xff, 0xf9, 0xf, 0xff, 0xf0,
    0x0, 0x0, 0x2f, 0xff, 0xf4, 0xcf, 0xff, 0x90,
    0x0, 0x0, 0x2f, 0xff, 0xd4, 0xff, 0xfa, 0x0,
    0x0, 0x2, 0xff, 0xff, 0x4c, 0xff, 0xf9, 0x0,
    0x0, 0x0, 0xcf, 0xff, 0xbf, 0xff, 0x40, 0x0,
    0x0, 0x2f, 0xff, 0xf4, 0xcf, 0xff, 0x90, 0x0,
    0x0, 0x6, 0xff, 0xff, 0xff, 0xd0, 0x0, 0x0,
    0x2, 0xff, 0xff, 0x4c, 0xff, 0xf9, 0x0, 0x0,
    0x0, 0xf, 0xff, 0xff, 0xf7, 0x0, 0x0, 0x0,
    0x2f, 0xff, 0xf4, 0xcf, 0xff, 0x90, 0x0, 0x0,
    0x0, 0x9f, 0xff, 0xff, 0x10, 0x0, 0x0, 0x2,
    0xff, 0xff, 0x4c, 0xff, 0xf9, 0x0, 0x0, 0x0,
    0x3, 0xff, 0xff, 0xb0, 0x0, 0x0, 0x0, 0x2f,
    0xff, 0xf4, 0xcf, 0xff, 0x90, 0x0, 0x0, 0x0,
    0xd, 0xff, 0xf5, 0x0, 0x0, 0x0, 0x2, 0xff,
    0xff, 0x40,

    /* U+004E "N" */
    0xcf, 0xff, 0xfa, 0x0, 0x0, 0x0, 0x0, 0x0,
    0x0, 0x7, 0xff, 0xff, 0xc, 0xff, 0xff, 0xf5,
    0x0, 0x0, 0x0, 0x0, 0x0, 0x0, 0x7f, 0xff,
    0xf0, 0xcf, 0xff, 0xff, 0xe0, 0x0, 0x0, 0x0,
    0x0, 0x0, 0x7, 0xff, 0xff, 0xc, 0xff, 0xff,
    0xff, 0x90, 0x0, 0x0, 0x0, 0x0, 0x0, 0x7f,
    0xff, 0xf0, 0xcf, 0xff, 0xff, 0xff, 0x30, 0x0,
    0x0, 0x0, 0x0, 0x7, 0xff, 0xff, 0xc, 0xff,
    0xfe, 0xff, 0xfd, 0x0, 0x0, 0x0, 0x0, 0x0,
    0x7f, 0xff, 0xf0, 0xcf, 0xff, 0x8e, 0xff, 0xf7,
    0x0, 0x0, 0x0, 0x0, 0x7, 0xff, 0xff, 0xc,
    0xff, 0xf8, 0x7f, 0xff, 0xf2, 0x0, 0x0, 0x0,
    0x0, 0x7f, 0xff, 0xf0, 0xcf, 0xff, 0x90, 0xef,
    0xff, 0xc0, 0x0, 0x0, 0x0, 0x7, 0xff, 0xff,
    0xc, 0xff, 0xf9, 0x5, 0xff, 0xff, 0x60, 0x0,
    0x0, 0x0, 0x7f, 0xff, 0xf0, 0xcf, 0xff, 0xa0,
    0xc, 0xff, 0xff, 0x10, 0x0, 0x0, 0x7, 0xff,
    0xff, 0xc, 0xff, 0xfb, 0x0, 0x3f, 0xff, 0xfa,
    0x0, 0x0, 0x0, 0x7f, 0xff, 0xf0, 0xcf, 0xff,
    0xb0, 0x0, 0x9f, 0xff, 0xf4, 0x0, 0x0, 0x7,
    0xff, 0xff, 0xc, 0xff, 0xfb, 0x0, 0x1, 0xef,
    0xff, 0xe0, 0x0, 0x0, 0x7f, 0xff, 0xf0, 0xcf,
    0xff, 0xb0, 0x0, 0x6, 0xff, 0xff, 0x90, 0x0,
    0x7, 0xff, 0xff, 0xc, 0xff, 0xfb, 0x0, 0x0,
    0xb, 0xff, 0xff, 0x30, 0x0, 0x7f, 0xff, 0xf0,
    0xcf, 0xff, 0xb0, 0x0, 0x0, 0x2f, 0xff, 0xfd,
    0x0, 0x7, 0xff, 0xff, 0xc, 0xff, 0xfb, 0x0,
    0x0, 0x0, 0x7f, 0xff, 0xf7, 0x0, 0x7f, 0xff,
    0xf0, 0xcf, 0xff, 0xb0, 0x0, 0x0, 0x0, 0xcf,
    0xff, 0xf2, 0x7, 0xff, 0xff, 0xc, 0xff, 0xfb,
    0x0, 0x0, 0x0, 0x3, 0xff, 0xff, 0xa0, 0x6f,
    0xff, 0xf0, 0xcf, 0xff, 0xb0, 0x0, 0x0, 0x0,
    0x8, 0xff, 0xff, 0x36, 0xff, 0xff, 0xc, 0xff,
    0xfb, 0x0, 0x0, 0x0, 0x0, 0xd, 0xff, 0xfc,
    0x5f, 0xff, 0xf0, 0xcf, 0xff, 0xb0, 0x0, 0x0,
    0x0, 0x0, 0x4f, 0xff, 0xf8, 0xff, 0xff, 0xc,
    0xff, 0xfb, 0x0, 0x0, 0x0, 0x0, 0x0, 0xaf,
    0xff, 0xef, 0xff, 0xf0, 0xcf, 0xff, 0xb0, 0x0,
    0x0, 0x0, 0x0, 0x1, 0xef, 0xff, 0xff, 0xff,
    0xc, 0xff, 0xfb, 0x0, 0x0, 0x0, 0x0, 0x0,
    0x5, 0xff, 0xff, 0xff, 0xf0, 0xcf, 0xff, 0xb0,
    0x0, 0x0, 0x0, 0x0, 0x0, 0xb, 0xff, 0xff,
    0xff, 0xc, 0xff, 0xfb, 0x0, 0x0, 0x0, 0x0,
    0x0, 0x0, 0x2f, 0xff, 0xff, 0xf0, 0xcf, 0xff,
    0xb0, 0x0, 0x0, 0x0, 0x0, 0x0, 0x0, 0x7f,
    0xff, 0xff, 0x0,

    /* U+004F "O" */
    0x0, 0x0, 0x0, 0x0, 0x27, 0xbe, 0xff, 0xfd,
    0xa6, 0x10, 0x0, 0x0, 0x0, 0x0, 0x0, 0x0,
    0x3, 0xbf, 0xff, 0xff, 0xff, 0xff, 0xff, 0x91,
    0x0, 0x0, 0x0, 0x0, 0x0, 0x8, 0xff, 0xff,
    0xff, 0xff, 0xff, 0xff, 0xff, 0xe4, 0x0, 0x0,
    0x0, 0x0, 0xa, 0xff, 0xff, 0xff, 0xff, 0xff,
    0xff, 0xff, 0xff, 0xf6, 0x0, 0x0, 0x0, 0x9,
    0xff, 0xff, 0xfe, 0x83, 0x10, 0x24, 0x9f, 0xff,
    0xff, 0xf4, 0x0, 0x0, 0x5, 0xff, 0xff, 0xf8,
    0x0, 0x0, 0x0, 0x0, 0x1b, 0xff, 0xff, 0xe1,
    0x0, 0x0, 0xef, 0xff, 0xf5, 0x0, 0x0, 0x0,
    0x0, 0x0, 0xa, 0xff, 0xff, 0x90, 0x0, 0x7f,
    0xff, 0xf8, 0x0, 0x0, 0x0, 0x0, 0x0, 0x0,
    0xd, 0xff, 0xff, 0x20, 0xd, 0xff, 0xfe, 0x0,
    0x0, 0x0, 0x0, 0x0, 0x0, 0x0, 0x3f, 0xff,
    0xf8, 0x2, 0xff, 0xff, 0x70, 0x0, 0x0, 0x0,
    0x0, 0x0, 0x0, 0x0, 0xcf, 0xff, 0xd0, 0x6f,
    0xff, 0xf2, 0x0, 0x0, 0x0, 0x0, 0x0, 0x0,
    0x0, 0x7, 0xff, 0xff, 0x19, 0xff, 0xfe, 0x0,
    0x0, 0x0, 0x0, 0x0, 0x0, 0x0, 0x0, 0x3f,
    0xff, 0xf3, 0xbf, 0xff, 0xb0, 0x0, 0x0, 0x0,
    0x0, 0x0, 0x0, 0x0, 0x1, 0xff, 0xff, 0x5c,
    0xff, 0xfa, 0x0, 0x0, 0x0, 0x0, 0x0, 0x0,
    0x0, 0x0, 0xf, 0xff, 0xf6, 0xcf, 0xff, 0xa0,
    0x0, 0x0, 0x0, 0x0, 0x0, 0x0, 0x0, 0x0,
    0xff, 0xff, 0x7c, 0xff, 0xfa, 0x0, 0x0, 0x0,
    0x0, 0x0, 0x0, 0x0, 0x0, 0xf, 0xff, 0xf6,
    0xbf, 0xff, 0xb0, 0x0, 0x0, 0x0, 0x0, 0x0,
    0x0, 0x0, 0x1, 0xff, 0xff, 0x59, 0xff, 0xfe,
    0x0, 0x0, 0x0, 0x0, 0x0, 0x0, 0x0, 0x0,
    0x3f, 0xff, 0xf3, 0x6f, 0xff, 0xf2, 0x0, 0x0,
    0x0, 0x0, 0x0, 0x0, 0x0, 0x7, 0xff, 0xff,
    0x12, 0xff, 0xff, 0x70, 0x0, 0x0, 0x0, 0x0,
    0x0, 0x0, 0x0, 0xcf, 0xff, 0xd0, 0xd, 0xff,
    0xfe, 0x0, 0x0, 0x0, 0x0, 0x0, 0x0, 0x0,
    0x3f, 0xff, 0xf8, 0x0, 0x7f, 0xff, 0xf8, 0x0,
    0x0, 0x0, 0x0, 0x0, 0x0, 0xd, 0xff, 0xff,
    0x20, 0x0, 0xef, 0xff, 0xf5, 0x0, 0x0, 0x0,
    0x0, 0x0, 0xa, 0xff, 0xff, 0xa0, 0x0, 0x5,
    0xff, 0xff, 0xf8, 0x0, 0x0, 0x0, 0x0, 0x1b,
    0xff, 0xff, 0xe1, 0x0, 0x0, 0x9, 0xff, 0xff,
    0xfe, 0x83, 0x10, 0x14, 0x9f, 0xff, 0xff, 0xf4,
    0x0, 0x0, 0x0, 0xa, 0xff, 0xff, 0xff, 0xff,
    0xff, 0xff, 0xff, 0xff, 0xf6, 0x0, 0x0, 0x0,
    0x0, 0x8, 0xff, 0xff, 0xff, 0xff, 0xff, 0xff,
    0xff, 0xe4, 0x0, 0x0, 0x0, 0x0, 0x0, 0x3,
    0xbf, 0xff, 0xff, 0xff, 0xff, 0xff, 0x91, 0x0,
    0x0, 0x0, 0x0, 0x0, 0x0, 0x0, 0x27, 0xbe,
    0xff, 0xfd, 0xa6, 0x10, 0x0, 0x0, 0x0, 0x0,

    /* U+0050 "P" */
    0xcf, 0xff, 0xff, 0xff, 0xff, 0xff, 0xeb, 0x72,
    0x0, 0x0, 0xc, 0xff, 0xff, 0xff, 0xff, 0xff,
    0xff, 0xff, 0xf9, 0x10, 0x0, 0xcf, 0xff, 0xff,
    0xff, 0xff, 0xff, 0xff, 0xff, 0xfd, 0x20, 0xc,
    0xff, 0xfe, 0xcc, 0xcc, 0xcc, 0xef, 0xff, 0xff,
    0xfd, 0x0, 0xcf, 0xff, 0xa0, 0x0, 0x0, 0x0,
    0x17, 0xff, 0xff, 0xf8, 0xc, 0xff, 0xfa, 0x0,
    0x0, 0x0, 0x0, 0x2, 0xef, 0xff, 0xf1, 0xcf,
    0xff, 0xa0, 0x0, 0x0, 0x0, 0x0, 0x6, 0xff,
    0xff, 0x5c, 0xff, 0xfa, 0x0, 0x0, 0x0, 0x0,
    0x0, 0xf, 0xff, 0xf9, 0xcf, 0xff, 0xa0, 0x0,
    0x0, 0x0, 0x0, 0x0, 0xdf, 0xff, 0xbc, 0xff,
    0xfa, 0x0, 0x0, 0x0, 0x0, 0x0, 0xc, 0xff,
    0xfb, 0xcf, 0xff, 0xa0, 0x0, 0x0, 0x0, 0x0,
    0x0, 0xef, 0xff, 0xac, 0xff, 0xfa, 0x0, 0x0,
    0x0, 0x0, 0x0, 0x1f, 0xff, 0xf8, 0xcf, 0xff,
    0xa0, 0x0, 0x0, 0x0, 0x0, 0x8, 0xff, 0xff,
    0x4c, 0xff, 0xfa, 0x0, 0x0, 0x0, 0x0, 0x5,
    0xff, 0xff, 0xe0, 0xcf, 0xff, 0xa0, 0x0, 0x0,
    0x1, 0x4a, 0xff, 0xff, 0xf6, 0xc, 0xff, 0xff,
    0xff, 0xff, 0xff, 0xff, 0xff, 0xff, 0xfb, 0x0,
    0xcf, 0xff, 0xff, 0xff, 0xff, 0xff, 0xff, 0xff,
    0xfa, 0x0, 0xc, 0xff, 0xff, 0xff, 0xff, 0xff,
    0xff, 0xff, 0xd5, 0x0, 0x0, 0xcf, 0xff, 0xec,
    0xcc, 0xcc, 0xcb, 0xa7, 0x30, 0x0, 0x0, 0xc,
    0xff, 0xfa, 0x0, 0x0, 0x0, 0x0, 0x0, 0x0,
    0x0, 0x0, 0xcf, 0xff, 0xa0, 0x0, 0x0, 0x0,
    0x0, 0x0, 0x0, 0x0, 0xc, 0xff, 0xfa, 0x0,
    0x0, 0x0, 0x0, 0x0, 0x0, 0x0, 0x0, 0xcf,
    0xff, 0xa0, 0x0, 0x0, 0x0, 0x0, 0x0, 0x0,
    0x0, 0xc, 0xff, 0xfa, 0x0, 0x0, 0x0, 0x0,
    0x0, 0x0, 0x0, 0x0, 0xcf, 0xff, 0xa0, 0x0,
    0x0, 0x0, 0x0, 0x0, 0x0, 0x0, 0xc, 0xff,
    0xfa, 0x0, 0x0, 0x0, 0x0, 0x0, 0x0, 0x0,
    0x0, 0xcf, 0xff, 0xa0, 0x0, 0x0, 0x0, 0x0,
    0x0, 0x0, 0x0, 0xc, 0xff, 0xfa, 0x0, 0x0,
    0x0, 0x0, 0x0, 0x0, 0x0, 0x0, 0xcf, 0xff,
    0xa0, 0x0, 0x0, 0x0, 0x0, 0x0, 0x0, 0x0,
    0x0,

    /* U+0051 "Q" */
    0x0, 0x0, 0x0, 0x0, 0x27, 0xbe, 0xff, 0xfd,
    0xa6, 0x10, 0x0, 0x0, 0x0, 0x0, 0x0, 0x0,
    0x3, 0xbf, 0xff, 0xff, 0xff, 0xff, 0xff, 0x91,
    0x0, 0x0, 0x0, 0x0, 0x0, 0x8, 0xff, 0xff,
    0xff, 0xff, 0xff, 0xff, 0xff, 0xe4, 0x0, 0x0,
    0x0, 0x0, 0xa, 0xff, 0xff, 0xff, 0xff, 0xff,
    0xff, 0xff, 0xff, 0xf6, 0x0, 0x0, 0x0, 0x9,
    0xff, 0xff, 0xfe, 0x83, 0x10, 0x24, 0x9f, 0xff,
    0xff, 0xf4, 0x0, 0x0, 0x5, 0xff, 0xff, 0xf8,
    0x0, 0x0, 0x0, 0x0, 0x1b, 0xff, 0xff, 0xe1,
    0x0, 0x0, 0xef, 0xff, 0xf5, 0x0, 0x0, 0x0,
    0x0, 0x0, 0xa, 0xff, 0xff, 0x90, 0x0, 0x7f,
    0xff, 0xf8, 0x0, 0x0, 0x0, 0x0, 0x0, 0x0,
    0xd, 0xff, 0xff, 0x20, 0xd, 0xff, 0xfe, 0x0,
    0x0, 0x0, 0x0, 0x0, 0x0, 0x0, 0x3f, 0xff,
    0xf8, 0x2, 0xff, 0xff, 0x70, 0x0, 0x0, 0x0,
    0x0, 0x0, 0x0, 0x0, 0xcf, 0xff, 0xd0, 0x6f,
    0xff, 0xf2, 0x0, 0x0, 0x0, 0x0, 0x0, 0x0,
    0x0, 0x7, 0xff, 0xff, 0x19, 0xff, 0xfe, 0x0,
    0x0, 0x0, 0x0, 0x0, 0x0, 0x0, 0x0, 0x3f,
    0xff, 0xf3, 0xbf, 0xff, 0xb0, 0x0, 0x0, 0x0,
    0x0, 0x0, 0x0, 0x0, 0x1, 0xff, 0xff, 0x5c,
    0xff, 0xfa, 0x0, 0x0, 0x0, 0x0, 0x0, 0x0,
    0x0, 0x0, 0xf, 0xff, 0xf6, 0xcf, 0xff, 0xa0,
    0x0, 0x0, 0x0, 0x0, 0x0, 0x0, 0x0, 0x0,
    0xff, 0xff, 0x7c, 0xff, 0xfa, 0x0, 0x0, 0x0,
    0x0, 0x0, 0x0, 0x0, 0x0, 0xf, 0xff, 0xf6,
    0xbf, 0xff, 0xb0, 0x0, 0x0, 0x0, 0x0, 0x0,
    0x0, 0x0, 0x1, 0xff, 0xff, 0x59, 0xff, 0xfe,
    0x0, 0x0, 0x0, 0x0, 0x0, 0x0, 0x0, 0x0,
    0x3f, 0xff, 0xf3, 0x6f, 0xff, 0xf2, 0x0, 0x0,
    0x0, 0x0, 0x0, 0x0, 0x0, 0x7, 0xff, 0xff,
    0x12, 0xff, 0xff, 0x70, 0x0, 0x0, 0x7, 0x88,
    0x83, 0x0, 0x0, 0xcf, 0xff, 0xd0, 0xd, 0xff,
    0xfe, 0x0, 0x0, 0x0, 0x4f, 0xff, 0xe1, 0x0,
    0x3f, 0xff, 0xf8, 0x0, 0x7f, 0xff, 0xf8, 0x0,
    0x0, 0x0, 0x7f, 0xff, 0xc0, 0xd, 0xff, 0xff,
    0x20, 0x0, 0xef, 0xff, 0xf5, 0x0, 0x0, 0x0,
    0xaf, 0xff, 0xaa, 0xff, 0xff, 0xa0, 0x0, 0x5,
    0xff, 0xff, 0xf8, 0x0, 0x0, 0x0, 0xdf, 0xff,
    0xff, 0xff, 0xe1, 0x0, 0x0, 0x9, 0xff, 0xff,
    0xfe, 0x83, 0x10, 0x16, 0xff, 0xff, 0xff, 0xf4,
    0x0, 0x0, 0x0, 0xa, 0xff, 0xff, 0xff, 0xff,
    0xff, 0xff, 0xff, 0xff, 0xf6, 0x0, 0x0, 0x0,
    0x0, 0x8, 0xff, 0xff, 0xff, 0xff, 0xff, 0xff,
    0xff, 0xfe, 0x0, 0x0, 0x0, 0x0, 0x0, 0x3,
    0xbf, 0xff, 0xff, 0xff, 0xff, 0xff, 0xff, 0xfa,
    0x0, 0x0, 0x0, 0x0, 0x0, 0x0, 0x27, 0xbe,
    0xff, 0xfd, 0xa6, 0x2e, 0xff, 0xf7, 0x0, 0x0,
    0x0, 0x0, 0x0, 0x0, 0x0, 0x0, 0x0, 0x0,
    0x0, 0x3f, 0xff, 0xf4, 0x0, 0x0, 0x0, 0x0,
    0x0, 0x0, 0x0, 0x0, 0x0, 0x0, 0x0, 0x5f,
    0xff, 0xe2, 0x0,

    /* U+0052 "R" */
    0xcf, 0xff, 0xff, 0xff, 0xff, 0xff, 0xec, 0x82,
    0x0, 0x0, 0x0, 0xcf, 0xff, 0xff, 0xff, 0xff,
    0xff, 0xff, 0xff, 0xb2, 0x0, 0x0, 0xcf, 0xff,
    0xff, 0xff, 0xff, 0xff, 0xff, 0xff, 0xfe, 0x30,
    0x0, 0xcf, 0xff, 0xec, 0xcc, 0xcc, 0xcd, 0xff,
    0xff, 0xff, 0xe2, 0x0, 0xcf, 0xff, 0xa0, 0x0,
    0x0, 0x0, 0x6, 0xef, 0xff, 0xfa, 0x0, 0xcf,
    0xff, 0xa0, 0x0, 0x0, 0x0, 0x0, 0x1e, 0xff,
    0xff, 0x20, 0xcf, 0xff, 0xa0, 0x0, 0x0, 0x0,
    0x0, 0x5, 0xff, 0xff, 0x60, 0xcf, 0xff, 0xa0,
    0x0, 0x0, 0x0, 0x0, 0x0, 0xff, 0xff, 0x90,
    0xcf, 0xff, 0xa0, 0x0, 0x0, 0x0, 0x0, 0x0,
    0xdf, 0xff, 0xb0, 0xcf, 0xff, 0xa0, 0x0, 0x0,
    0x0, 0x0, 0x0, 0xcf, 0xff, 0xb0, 0xcf, 0xff,
    0xa0, 0x0, 0x0, 0x0, 0x0, 0x0, 0xef, 0xff,
    0xa0, 0xcf, 0xff, 0xa0, 0x0, 0x0, 0x0, 0x0,
    0x4, 0xff, 0xff, 0x70, 0xcf, 0xff, 0xa0, 0x0,
    0x0, 0x0, 0x0, 0x1d, 0xff, 0xff, 0x20, 0xcf,
    0xff, 0xa0, 0x0, 0x0, 0x0, 0x5, 0xdf, 0xff,
    0xfb, 0x0, 0xcf, 0xff, 0xfc, 0xcc, 0xcc, 0xce,
    0xff, 0xff, 0xff, 0xf2, 0x0, 0xcf, 0xff, 0xff,
    0xff, 0xff, 0xff, 0xff, 0xff, 0xff, 0x40, 0x0,
    0xcf, 0xff, 0xff, 0xff, 0xff, 0xff, 0xff, 0xff,
    0xb2, 0x0, 0x0, 0xcf, 0xff, 0xff, 0xff, 0xff,
    0xff, 0xff, 0xfa, 0x0, 0x0, 0x0, 0xcf, 0xff,
    0xa0, 0x0, 0x0, 0xd, 0xff, 0xff, 0x20, 0x0,
    0x0, 0xcf, 0xff, 0xa0, 0x0, 0x0, 0x5, 0xff,
    0xff, 0xa0, 0x0, 0x0, 0xcf, 0xff, 0xa0, 0x0,
    0x0, 0x0, 0xcf, 0xff, 0xf3, 0x0, 0x0, 0xcf,
    0xff, 0xa0, 0x0, 0x0, 0x0, 0x4f, 0xff, 0xfb,
    0x0, 0x0, 0xcf, 0xff, 0xa0, 0x0, 0x0, 0x0,
    0xb, 0xff, 0xff, 0x40, 0x0, 0xcf, 0xff, 0xa0,
    0x0, 0x0, 0x0, 0x3, 0xff, 0xff, 0xd0, 0x0,
    0xcf, 0xff, 0xa0, 0x0, 0x0, 0x0, 0x0, 0xaf,
    0xff, 0xf5, 0x0, 0xcf, 0xff, 0xa0, 0x0, 0x0,
    0x0, 0x0, 0x2f, 0xff, 0xfe, 0x0, 0xcf, 0xff,
    0xa0, 0x0, 0x0, 0x0, 0x0, 0x9, 0xff, 0xff,
    0x70, 0xcf, 0xff, 0xa0, 0x0, 0x0, 0x0, 0x0,
    0x1, 0xff, 0xff, 0xf1, 0xcf, 0xff, 0xa0, 0x0,
    0x0, 0x0, 0x0, 0x0, 0x8f, 0xff, 0xf8,

    /* U+0053 "S" */
    0x0, 0x0, 0x0, 0x38, 0xce, 0xff, 0xfd, 0xa5,
    0x0, 0x0, 0x0, 0x0, 0x0, 0x3c, 0xff, 0xff,
    0xff, 0xff, 0xff, 0xe6, 0x0, 0x0, 0x0, 0x7,
    0xff, 0xff, 0xff, 0xff, 0xff, 0xff, 0xff, 0xb0,
    0x0, 0x0, 0x7f, 0xff, 0xff, 0xff, 0xdd, 0xff,
    0xff, 0xff, 0xfb, 0x0, 0x3, 0xff, 0xff, 0xfa,
    0x30, 0x0, 0x2, 0x8f, 0xff, 0xff, 0x70, 0xa,
    0xff, 0xff, 0x50, 0x0, 0x0, 0x0, 0x2, 0xef,
    0xff, 0xe0, 0xf, 0xff, 0xfa, 0x0, 0x0, 0x0,
    0x0, 0x0, 0x5f, 0xff, 0xf3, 0x1f, 0xff, 0xf5,
    0x0, 0x0, 0x0, 0x0, 0x0, 0xd, 0xdd, 0xd4,
    0x1f, 0xff, 0xf5, 0x0, 0x0, 0x0, 0x0, 0x0,
    0x0, 0x0, 0x0, 0xf, 0xff, 0xfb, 0x0, 0x0,
    0x0, 0x0, 0x0, 0x0, 0x0, 0x0, 0xa, 0xff,
    0xff, 0x90, 0x0, 0x0, 0x0, 0x0, 0x0, 0x0,
    0x0, 0x3, 0xff, 0xff, 0xfe, 0x82, 0x0, 0x0,
    0x0, 0x0, 0x0, 0x0, 0x0, 0x6f, 0xff, 0xff,
    0xff, 0xd9, 0x51, 0x0, 0x0, 0x0, 0x0, 0x0,
    0x4, 0xef, 0xff, 0xff, 0xff, 0xff, 0xd7, 0x10,
    0x0, 0x0, 0x0, 0x0, 0x7, 0xdf, 0xff, 0xff,
    0xff, 0xff, 0xfa, 0x10, 0x0, 0x0, 0x0, 0x0,
    0x3, 0x7c, 0xff, 0xff, 0xff, 0xff, 0xf4, 0x0,
    0x0, 0x0, 0x0, 0x0, 0x0, 0x4, 0x8d, 0xff,
    0xff, 0xff, 0x40, 0x0, 0x0, 0x0, 0x0, 0x0,
    0x0, 0x0, 0x3b, 0xff, 0xff, 0xe0, 0x0, 0x0,
    0x0, 0x0, 0x0, 0x0, 0x0, 0x0, 0x7f, 0xff,
    0xf6, 0x0, 0x0, 0x0, 0x0, 0x0, 0x0, 0x0,
    0x0, 0xd, 0xff, 0xfa, 0x55, 0x55, 0x30, 0x0,
    0x0, 0x0, 0x0, 0x0, 0xa, 0xff, 0xfc, 0xdf,
    0xff, 0xb0, 0x0, 0x0, 0x0, 0x0, 0x0, 0xb,
    0xff, 0xfb, 0xaf, 0xff, 0xf2, 0x0, 0x0, 0x0,
    0x0, 0x0, 0x2f, 0xff, 0xf9, 0x5f, 0xff, 0xfd,
    0x10, 0x0, 0x0, 0x0, 0x2, 0xdf, 0xff, 0xf4,
    0xd, 0xff, 0xff, 0xf8, 0x30, 0x0, 0x3, 0x8f,
    0xff, 0xff, 0xc0, 0x2, 0xff, 0xff, 0xff, 0xff,
    0xee, 0xff, 0xff, 0xff, 0xff, 0x20, 0x0, 0x3e,
    0xff, 0xff, 0xff, 0xff, 0xff, 0xff, 0xff, 0xe3,
    0x0, 0x0, 0x1, 0x9f, 0xff, 0xff, 0xff, 0xff,
    0xff, 0xf9, 0x10, 0x0, 0x0, 0x0, 0x1, 0x6a,
    0xdf, 0xff, 0xfd, 0xa6, 0x10, 0x0, 0x0,

    /* U+0054 "T" */
    0x3f, 0xff, 0xff, 0xff, 0xff, 0xff, 0xff, 0xff,
    0xff, 0xff, 0xff, 0xf5, 0x3f, 0xff, 0xff, 0xff,
    0xff, 0xff, 0xff, 0xff, 0xff, 0xff, 0xff, 0xf5,
    0x3f, 0xff, 0xff, 0xff, 0xff, 0xff, 0xff, 0xff,
    0xff, 0xff, 0xff, 0xf5, 0x3c, 0xcc, 0xcc, 0xcc,
    0xcd, 0xff, 0xff, 0xdc, 0xcc, 0xcc, 0xcc, 0xc4,
    0x0, 0x0, 0x0, 0x0, 0x2, 0xff, 0xff, 0x50,
    0x0, 0x0, 0x0, 0x0, 0x0, 0x0, 0x0, 0x0,
    0x2, 0xff, 0xff, 0x50, 0x0, 0x0, 0x0, 0x0,
    0x0, 0x0, 0x0, 0x0, 0x2, 0xff, 0xff, 0x50,
    0x0, 0x0, 0x0, 0x0, 0x0, 0x0, 0x0, 0x0,
    0x2, 0xff, 0xff, 0x50, 0x0, 0x0, 0x0, 0x0,
    0x0, 0x0, 0x0, 0x0, 0x2, 0xff, 0xff, 0x50,
    0x0, 0x0, 0x0, 0x0, 0x0, 0x0, 0x0, 0x0,
    0x2, 0xff, 0xff, 0x50, 0x0, 0x0, 0x0, 0x0,
    0x0, 0x0, 0x0, 0x0, 0x2, 0xff, 0xff, 0x50,
    0x0, 0x0, 0x0, 0x0, 0x0, 0x0, 0x0, 0x0,
    0x2, 0xff, 0xff, 0x50, 0x0, 0x0, 0x0, 0x0,
    0x0, 0x0, 0x0, 0x0, 0x2, 0xff, 0xff, 0x50,
    0x0, 0x0, 0x0, 0x0, 0x0, 0x0, 0x0, 0x0,
    0x2, 0xff, 0xff, 0x50, 0x0, 0x0, 0x0, 0x0,
    0x0, 0x0, 0x0, 0x0, 0x2, 0xff, 0xff, 0x50,
    0x0, 0x0, 0x0, 0x0, 0x0, 0x0, 0x0, 0x0,
    0x2, 0xff, 0xff, 0x50, 0x0, 0x0, 0x0, 0x0,
    0x0, 0x0, 0x0, 0x0, 0x2, 0xff, 0xff, 0x50,
    0x0, 0x0, 0x0, 0x0, 0x0, 0x0, 0x0, 0x0,
    0x2, 0xff, 0xff, 0x50, 0x0, 0x0, 0x0, 0x0,
    0x0, 0x0, 0x0, 0x0, 0x2, 0xff, 0xff, 0x50,
    0x0, 0x0, 0x0, 0x0, 0x0, 0x0, 0x0, 0x0,
    0x2, 0xff, 0xff, 0x50, 0x0, 0x0, 0x0, 0x0,
    0x0, 0x0, 0x0, 0x0, 0x2, 0xff, 0xff, 0x50,
    0x0, 0x0, 0x0, 0x0, 0x0, 0x0, 0x0, 0x0,
    0x2, 0xff, 0xff, 0x50, 0x0, 0x0, 0x0, 0x0,
    0x0, 0x0, 0x0, 0x0, 0x2, 0xff, 0xff, 0x50,
    0x0, 0x0, 0x0, 0x0, 0x0, 0x0, 0x0, 0x0,
    0x2, 0xff, 0xff, 0x50, 0x0, 0x0, 0x0, 0x0,
    0x0, 0x0, 0x0, 0x0, 0x2, 0xff, 0xff, 0x50,
    0x0, 0x0, 0x0, 0x0, 0x0, 0x0, 0x0, 0x0,
    0x2, 0xff, 0xff, 0x50, 0x0, 0x0, 0x0, 0x0,
    0x0, 0x0, 0x0, 0x0, 0x2, 0xff, 0xff, 0x50,
    0x0, 0x0, 0x0, 0x0, 0x0, 0x0, 0x0, 0x0,
    0x2, 0xff, 0xff, 0x50, 0x0, 0x0, 0x0, 0x0,
    0x0, 0x0, 0x0, 0x0, 0x2, 0xff, 0xff, 0x50,
    0x0, 0x0, 0x0, 0x0,

    /* U+0055 "U" */
    0xcf, 0xff, 0xa0, 0x0, 0x0, 0x0, 0x0, 0x0,
    0x0, 0x1f, 0xff, 0xf6, 0xcf, 0xff, 0xa0, 0x0,
    0x0, 0x0, 0x0, 0x0, 0x0, 0x1f, 0xff, 0xf6,
    0xcf, 0xff, 0xa0, 0x0, 0x0, 0x0, 0x0, 0x0,
    0x0, 0x1f, 0xff, 0xf6, 0xcf, 0xff, 0xa0, 0x0,
    0x0, 0x0, 0x0, 0x0, 0x0, 0x1f, 0xff, 0xf6,
    0xcf, 0xff, 0xa0, 0x0, 0x0, 0x0, 0x0, 0x0,
    0x0, 0x1f, 0xff, 0xf6, 0xcf, 0xff, 0xa0, 0x0,
    0x0, 0x0, 0x0, 0x0, 0x0, 0x1f, 0xff, 0xf6,
    0xcf, 0xff, 0xa0, 0x0, 0x0, 0x0, 0x0, 0x0,
    0x0, 0x1f, 0xff, 0xf6, 0xcf, 0xff, 0xa0, 0x0,
    0x0, 0x0, 0x0, 0x0, 0x0, 0x1f, 0xff, 0xf6,
    0xcf, 0xff, 0xa0, 0x0, 0x0, 0x0, 0x0, 0x0,
    0x0, 0x1f, 0xff, 0xf6, 0xcf, 0xff, 0xa0, 0x0,
    0x0, 0x0, 0x0, 0x0, 0x0, 0x1f, 0xff, 0xf6,
    0xcf, 0xff, 0xa0, 0x0, 0x0, 0x0, 0x0, 0x0,
    0x0, 0x1f, 0xff, 0xf6, 0xcf, 0xff, 0xa0, 0x0,
    0x0, 0x0, 0x0, 0x0, 0x0, 0x1f, 0xff, 0xf6,
    0xcf, 0xff, 0xa0, 0x0, 0x0, 0x0, 0x0, 0x0,
    0x0, 0x1f, 0xff, 0xf6, 0xcf, 0xff, 0xa0, 0x0,
    0x0, 0x0, 0x0, 0x0, 0x0, 0x1f, 0xff, 0xf6,
    0xcf, 0xff, 0xa0, 0x0, 0x0, 0x0, 0x0, 0x0,
    0x0, 0x1f, 0xff, 0xf6, 0xcf, 0xff, 0xa0, 0x0,
    0x0, 0x0, 0x0, 0x0, 0x0, 0x1f, 0xff, 0xf6,
    0xcf, 0xff, 0xa0, 0x0, 0x0, 0x0, 0x0, 0x0,
    0x0, 0x1f, 0xff, 0xf6, 0xcf, 0xff, 0xa0, 0x0,
    0x0, 0x0, 0x0, 0x0, 0x0, 0x1f, 0xff, 0xf6,
    0xcf, 0xff, 0xa0, 0x0, 0x0, 0x0, 0x0, 0x0,
    0x0, 0x1f, 0xff, 0xf6, 0xcf, 0xff, 0xc0, 0x0,
    0x0, 0x0, 0x0, 0x0, 0x0, 0x2f, 0xff, 0xf5,
    0xaf, 0xff, 0xf0, 0x0, 0x0, 0x0, 0x0, 0x0,
    0x0, 0x6f, 0xff, 0xf4, 0x6f, 0xff, 0xf6, 0x0,
    0x0, 0x0, 0x0, 0x0, 0x0, 0xcf, 0xff, 0xf0,
    0x1f, 0xff, 0xff, 0x20, 0x0, 0x0, 0x0, 0x0,
    0x7, 0xff, 0xff, 0xb0, 0xa, 0xff, 0xff, 0xe3,
    0x0, 0x0, 0x0, 0x0, 0x7f, 0xff, 0xff, 0x40,
    0x1, 0xef, 0xff, 0xff, 0xa5, 0x20, 0x13, 0x7d,
    0xff, 0xff, 0xfa, 0x0, 0x0, 0x4f, 0xff, 0xff,
    0xff, 0xff, 0xff, 0xff, 0xff, 0xff, 0xc0, 0x0,
    0x0, 0x3, 0xef, 0xff, 0xff, 0xff, 0xff, 0xff,
    0xff, 0xfa, 0x0, 0x0, 0x0, 0x0, 0x18, 0xff,
    0xff, 0xff, 0xff, 0xff, 0xfd, 0x50, 0x0, 0x0,
    0x0, 0x0, 0x0, 0x16, 0xad, 0xff, 0xfe, 0xc9,
    0x40, 0x0, 0x0, 0x0,

    /* U+0056 "V" */
    0xdf, 0xff, 0xf0, 0x0, 0x0, 0x0, 0x0, 0x0,
    0x0, 0x0, 0xa, 0xff, 0xff, 0x27, 0xff, 0xff,
    0x50, 0x0, 0x0, 0x0, 0x0, 0x0, 0x0, 0x0,
    0xff, 0xff, 0xd0, 0x1f, 0xff, 0xfa, 0x0, 0x0,
    0x0, 0x0, 0x0, 0x0, 0x0, 0x4f, 0xff, 0xf7,
    0x0, 0xbf, 0xff, 0xf0, 0x0, 0x0, 0x0, 0x0,
    0x0, 0x0, 0xa, 0xff, 0xff, 0x10, 0x5, 0xff,
    0xff, 0x60, 0x0, 0x0, 0x0, 0x0, 0x0, 0x0,
    0xff, 0xff, 0xb0, 0x0, 0xf, 0xff, 0xfb, 0x0,
    0x0, 0x0, 0x0, 0x0, 0x0, 0x5f, 0xff, 0xf6,
    0x0, 0x0, 0xaf, 0xff, 0xf1, 0x0, 0x0, 0x0,
    0x0, 0x0, 0xa, 0xff, 0xff, 0x10, 0x0, 0x4,
    0xff, 0xff, 0x60, 0x0, 0x0, 0x0, 0x0, 0x0,
    0xff, 0xff, 0xa0, 0x0, 0x0, 0xe, 0xff, 0xfc,
    0x0, 0x0, 0x0, 0x0, 0x0, 0x5f, 0xff, 0xf5,
    0x0, 0x0, 0x0, 0x8f, 0xff, 0xf2, 0x0, 0x0,
    0x0, 0x0, 0xb, 0xff, 0xfe, 0x0, 0x0, 0x0,
    0x3, 0xff, 0xff, 0x70, 0x0, 0x0, 0x0, 0x1,
    0xff, 0xff, 0x90, 0x0, 0x0, 0x0, 0xd, 0xff,
    0xfd, 0x0, 0x0, 0x0, 0x0, 0x6f, 0xff, 0xf3,
    0x0, 0x0, 0x0, 0x0, 0x7f, 0xff, 0xf3, 0x0,
    0x0, 0x0, 0xb, 0xff, 0xfe, 0x0, 0x0, 0x0,
    0x0, 0x1, 0xff, 0xff, 0x80, 0x0, 0x0, 0x1,
    0xff, 0xff, 0x80, 0x0, 0x0, 0x0, 0x0, 0xb,
    0xff, 0xfe, 0x0, 0x0, 0x0, 0x6f, 0xff, 0xf2,
    0x0, 0x0, 0x0, 0x0, 0x0, 0x6f, 0xff, 0xf3,
    0x0, 0x0, 0xc, 0xff, 0xfc, 0x0, 0x0, 0x0,
    0x0, 0x0, 0x0, 0xff, 0xff, 0x90, 0x0, 0x1,
    0xff, 0xff, 0x70, 0x0, 0x0, 0x0, 0x0, 0x0,
    0xa, 0xff, 0xfe, 0x0, 0x0, 0x6f, 0xff, 0xf1,
    0x0, 0x0, 0x0, 0x0, 0x0, 0x0, 0x4f, 0xff,
    0xf3, 0x0, 0xb, 0xff, 0xfb, 0x0, 0x0, 0x0,
    0x0, 0x0, 0x0, 0x0, 0xef, 0xff, 0x80, 0x0,
    0xff, 0xff, 0x50, 0x0, 0x0, 0x0, 0x0, 0x0,
    0x0, 0x8, 0xff, 0xfd, 0x0, 0x5f, 0xff, 0xf0,
    0x0, 0x0, 0x0, 0x0, 0x0, 0x0, 0x0, 0x3f,
    0xff, 0xf2, 0x9, 0xff, 0xfa, 0x0, 0x0, 0x0,
    0x0, 0x0, 0x0, 0x0, 0x0, 0xdf, 0xff, 0x60,
    0xef, 0xff, 0x40, 0x0, 0x0, 0x0, 0x0, 0x0,
    0x0, 0x0, 0x7, 0xff, 0xfb, 0x2f, 0xff, 0xe0,
    0x0, 0x0, 0x0, 0x0, 0x0, 0x0, 0x0, 0x0,
    0x1f, 0xff, 0xf8, 0xff, 0xf9, 0x0, 0x0, 0x0,
    0x0, 0x0, 0x0, 0x0, 0x0, 0x0, 0xbf, 0xff,
    0xff, 0xff, 0x30, 0x0, 0x0, 0x0, 0x0, 0x0,
    0x0, 0x0, 0x0, 0x6, 0xff, 0xff, 0xff, 0xd0,
    0x0, 0x0, 0x0, 0x0, 0x0, 0x0, 0x0, 0x0,
    0x0, 0xf, 0xff, 0xff, 0xf8, 0x0, 0x0, 0x0,
    0x0, 0x0, 0x0, 0x0, 0x0, 0x0, 0x0, 0xaf,
    0xff, 0xff, 0x20, 0x0, 0x0, 0x0, 0x0, 0x0,

    /* U+0057 "W" */
    0xdf, 0xff, 0xd0, 0x0, 0x0, 0x0, 0x0, 0x0,
    0x8f, 0xff, 0xfa, 0x0, 0x0, 0x0, 0x0, 0x0,
    0xb, 0xff, 0xff, 0x9, 0xff, 0xff, 0x10, 0x0,
    0x0, 0x0, 0x0, 0xc, 0xff, 0xff, 0xe0, 0x0,
    0x0, 0x0, 0x0, 0x0, 0xff, 0xff, 0xb0, 0x5f,
    0xff, 0xf5, 0x0, 0x0, 0x0, 0x0, 0x0, 0xff,
    0xff, 0xff, 0x20, 0x0, 0x0, 0x0, 0x0, 0x3f,
    0xff, 0xf7, 0x1, 0xff, 0xff, 0x90, 0x0, 0x0,
    0x0, 0x0, 0x4f, 0xff, 0xff, 0xf6, 0x0, 0x0,
    0x0, 0x0, 0x7, 0xff, 0xff, 0x20, 0xc, 0xff,
    0xfd, 0x0, 0x0, 0x0, 0x0, 0x8, 0xff, 0xff,
    0xff, 0xa0, 0x0, 0x0, 0x0, 0x0, 0xcf, 0xff,
    0xe0, 0x0, 0x8f, 0xff, 0xf1, 0x0, 0x0, 0x0,
    0x0, 0xcf, 0xff, 0xef, 0xfe, 0x0, 0x0, 0x0,
    0x0, 0xf, 0xff, 0xf9, 0x0, 0x3, 0xff, 0xff,
    0x50, 0x0, 0x0, 0x0, 0x1f, 0xff, 0xcb, 0xff,
    0xf2, 0x0, 0x0, 0x0, 0x4, 0xff, 0xff, 0x50,
    0x0, 0xf, 0xff, 0xf9, 0x0, 0x0, 0x0, 0x5,
    0xff, 0xf9, 0x8f, 0xff, 0x60, 0x0, 0x0, 0x0,
    0x8f, 0xff, 0xf1, 0x0, 0x0, 0xbf, 0xff, 0xd0,
    0x0, 0x0, 0x0, 0x9f, 0xff, 0x65, 0xff, 0xfb,
    0x0, 0x0, 0x0, 0xc, 0xff, 0xfc, 0x0, 0x0,
    0x6, 0xff, 0xff, 0x10, 0x0, 0x0, 0xd, 0xff,
    0xf3, 0x1f, 0xff, 0xf0, 0x0, 0x0, 0x0, 0xff,
    0xff, 0x80, 0x0, 0x0, 0x2f, 0xff, 0xf5, 0x0,
    0x0, 0x1, 0xff, 0xff, 0x0, 0xef, 0xff, 0x30,
    0x0, 0x0, 0x4f, 0xff, 0xf4, 0x0, 0x0, 0x0,
    0xdf, 0xff, 0x90, 0x0, 0x0, 0x5f, 0xff, 0xb0,
    0xa, 0xff, 0xf7, 0x0, 0x0, 0x8, 0xff, 0xff,
    0x0, 0x0, 0x0, 0x9, 0xff, 0xfd, 0x0, 0x0,
    0xa, 0xff, 0xf7, 0x0, 0x6f, 0xff, 0xb0, 0x0,
    0x0, 0xcf, 0xff, 0xb0, 0x0, 0x0, 0x0, 0x5f,
    0xff, 0xf1, 0x0, 0x0, 0xef, 0xff, 0x30, 0x1,
    0xff, 0xff, 0x0, 0x0, 0xf, 0xff, 0xf6, 0x0,
    0x0, 0x0, 0x1, 0xff, 0xff, 0x50, 0x0, 0x2f,
    0xff, 0xe0, 0x0, 0xd, 0xff, 0xf3, 0x0, 0x4,
    0xff, 0xff, 0x20, 0x0, 0x0, 0x0, 0xc, 0xff,
    0xf9, 0x0, 0x6, 0xff, 0xfa, 0x0, 0x0, 0x9f,
    0xff, 0x70, 0x0, 0x8f, 0xff, 0xe0, 0x0, 0x0,
    0x0, 0x0, 0x8f, 0xff, 0xd0, 0x0, 0xaf, 0xff,
    0x60, 0x0, 0x5, 0xff, 0xfc, 0x0, 0xc, 0xff,
    0xf9, 0x0, 0x0, 0x0, 0x0, 0x3, 0xff, 0xff,
    0x10, 0xe, 0xff, 0xf2, 0x0, 0x0, 0xf, 0xff,
    0xf0, 0x0, 0xff, 0xff, 0x50, 0x0, 0x0, 0x0,
    0x0, 0xf, 0xff, 0xf5, 0x2, 0xff, 0xfd, 0x0,
    0x0, 0x0, 0xcf, 0xff, 0x30, 0x3f, 0xff, 0xf1,
    0x0, 0x0, 0x0, 0x0, 0x0, 0xbf, 0xff, 0x80,
    0x6f, 0xff, 0x90, 0x0, 0x0, 0x8, 0xff, 0xf7,
    0x7, 0xff, 0xfc, 0x0, 0x0, 0x0, 0x0, 0x0,
    0x6, 0xff, 0xfb, 0x9, 0xff, 0xf5, 0x0, 0x0,
    0x0, 0x3f, 0xff, 0xa0, 0xaf, 0xff, 0x80, 0x0,
    0x0, 0x0, 0x0, 0x0, 0x2f, 0xff, 0xe0, 0xcf,
    0xff, 0x10, 0x0, 0x0, 0x0, 0xff, 0xfe, 0xd,
    0xff, 0xf3, 0x0, 0x0, 0x0, 0x0, 0x0, 0x0,
    0xef, 0xff, 0x2f, 0xff, 0xc0, 0x0, 0x0, 0x0,
    0xb, 0xff, 0xf2, 0xff, 0xff, 0x0, 0x0, 0x0,
    0x0, 0x0, 0x0, 0x9, 0xff, 0xf8, 0xff, 0xf8,
    0x0, 0x0, 0x0, 0x0, 0x6f, 0xff, 0x8f, 0xff,
    0xb0, 0x0, 0x0, 0x0, 0x0, 0x0, 0x0, 0x5f,
    0xff, 0xef, 0xff, 0x40, 0x0, 0x0, 0x0, 0x2,
    0xff, 0xfe, 0xff, 0xf6, 0x0, 0x0, 0x0, 0x0,
    0x0, 0x0, 0x1, 0xff, 0xff, 0xff, 0xf0, 0x0,
    0x0, 0x0, 0x0, 0xe, 0xff, 0xff, 0xff, 0x20,
    0x0, 0x0, 0x0, 0x0, 0x0, 0x0, 0xc, 0xff,
    0xff, 0xfb, 0x0, 0x0, 0x0, 0x0, 0x0, 0x9f,
    0xff, 0xff, 0xd0, 0x0, 0x0, 0x0, 0x0, 0x0,
    0x0, 0x0, 0x8f, 0xff, 0xff, 0x70, 0x0, 0x0,
    0x0, 0x0, 0x5, 0xff, 0xff, 0xf9, 0x0, 0x0,
    0x0, 0x0, 0x0, 0x0, 0x0, 0x3, 0xff, 0xff,
    0xf2, 0x0, 0x0, 0x0, 0x0, 0x0, 0x1f, 0xff,
    0xff, 0x50, 0x0, 0x0, 0x0, 0x0,

    /* U+0058 "X" */
    0xd, 0xff, 0xff, 0x50, 0x0, 0x0, 0x0, 0x0,
    0x0, 0x2, 0xff, 0xff, 0xe1, 0x2, 0xff, 0xff,
    0xe1, 0x0, 0x0, 0x0, 0x0, 0x0, 0xc, 0xff,
    0xff, 0x40, 0x0, 0x7f, 0xff, 0xfa, 0x0, 0x0,
    0x0, 0x0, 0x0, 0x7f, 0xff, 0xf9, 0x0, 0x0,
    0xc, 0xff, 0xff, 0x50, 0x0, 0x0, 0x0, 0x2,
    0xff, 0xff, 0xd0, 0x0, 0x0, 0x2, 0xff, 0xff,
    0xe1, 0x0, 0x0, 0x0, 0xd, 0xff, 0xff, 0x30,
    0x0, 0x0, 0x0, 0x6f, 0xff, 0xfb, 0x0, 0x0,
    0x0, 0x8f, 0xff, 0xf8, 0x0, 0x0, 0x0, 0x0,
    0xb, 0xff, 0xff, 0x60, 0x0, 0x3, 0xff, 0xff,
    0xc0, 0x0, 0x0, 0x0, 0x0, 0x1, 0xff, 0xff,
    0xe1, 0x0, 0xd, 0xff, 0xff, 0x20, 0x0, 0x0,
    0x0, 0x0, 0x0, 0x5f, 0xff, 0xf9, 0x0, 0x6f,
    0xff, 0xf7, 0x0, 0x0, 0x0, 0x0, 0x0, 0x0,
    0xa, 0xff, 0xff, 0x21, 0xef, 0xff, 0xc0, 0x0,
    0x0, 0x0, 0x0, 0x0, 0x0, 0x1, 0xef, 0xff,
    0xb8, 0xff, 0xff, 0x20, 0x0, 0x0, 0x0, 0x0,
    0x0, 0x0, 0x0, 0x4f, 0xff, 0xff, 0xff, 0xf6,
    0x0, 0x0, 0x0, 0x0, 0x0, 0x0, 0x0, 0x0,
    0x9, 0xff, 0xff, 0xff, 0xb0, 0x0, 0x0, 0x0,
    0x0, 0x0, 0x0, 0x0, 0x0, 0x0, 0xef, 0xff,
    0xfe, 0x10, 0x0, 0x0, 0x0, 0x0, 0x0, 0x0,
    0x0, 0x0, 0x0, 0xbf, 0xff, 0xfe, 0x10, 0x0,
    0x0, 0x0, 0x0, 0x0, 0x0, 0x0, 0x0, 0x6,
    0xff, 0xff, 0xff, 0xa0, 0x0, 0x0, 0x0, 0x0,
    0x0, 0x0, 0x0, 0x0, 0x2f, 0xff, 0xff, 0xff,
    0xf5, 0x0, 0x0, 0x0, 0x0, 0x0, 0x0, 0x0,
    0x0, 0xcf, 0xff, 0xdc, 0xff, 0xff, 0x10, 0x0,
    0x0, 0x0, 0x0, 0x0, 0x0, 0x8, 0xff, 0xff,
    0x43, 0xff, 0xff, 0xb0, 0x0, 0x0, 0x0, 0x0,
    0x0, 0x0, 0x4f, 0xff, 0xfb, 0x0, 0xaf, 0xff,
    0xf6, 0x0, 0x0, 0x0, 0x0, 0x0, 0x1, 0xef,
    0xff, 0xf1, 0x0, 0x1f, 0xff, 0xff, 0x20, 0x0,
    0x0, 0x0, 0x0, 0xa, 0xff, 0xff, 0x60, 0x0,
    0x5, 0xff, 0xff, 0xc0, 0x0, 0x0, 0x0, 0x0,
    0x5f, 0xff, 0xfb, 0x0, 0x0, 0x0, 0xaf, 0xff,
    0xf7, 0x0, 0x0, 0x0, 0x1, 0xff, 0xff, 0xe1,
    0x0, 0x0, 0x0, 0x1e, 0xff, 0xff, 0x30, 0x0,
    0x0, 0xb, 0xff, 0xff, 0x40, 0x0, 0x0, 0x0,
    0x5, 0xff, 0xff, 0xd0, 0x0, 0x0, 0x7f, 0xff,
    0xf9, 0x0, 0x0, 0x0, 0x0, 0x0, 0xaf, 0xff,
    0xf8, 0x0, 0x3, 0xff, 0xff, 0xd0, 0x0, 0x0,
    0x0, 0x0, 0x0, 0x1e, 0xff, 0xff, 0x30, 0xd,
    0xff, 0xff, 0x30, 0x0, 0x0, 0x0, 0x0, 0x0,
    0x4, 0xff, 0xff, 0xd0, 0x9f, 0xff, 0xf8, 0x0,
    0x0, 0x0, 0x0, 0x0, 0x0, 0x0, 0x9f, 0xff,
    0xf9,

    /* U+0059 "Y" */
    0xbf, 0xff, 0xf7, 0x0, 0x0, 0x0, 0x0, 0x0,
    0x0, 0x0, 0x9f, 0xff, 0xf8, 0x1f, 0xff, 0xff,
    0x10, 0x0, 0x0, 0x0, 0x0, 0x0, 0x3, 0xff,
    0xff, 0xe0, 0x7, 0xff, 0xff, 0xa0, 0x0, 0x0,
    0x0, 0x0, 0x0, 0xc, 0xff, 0xff, 0x50, 0x0,
    0xdf, 0xff, 0xf4, 0x0, 0x0, 0x0, 0x0, 0x0,
    0x5f, 0xff, 0xfb, 0x0, 0x0, 0x3f, 0xff, 0xfd,
    0x0, 0x0, 0x0, 0x0, 0x0, 0xef, 0xff, 0xf2,
    0x0, 0x0, 0xa, 0xff, 0xff, 0x70, 0x0, 0x0,
    0x0, 0x8, 0xff, 0xff, 0x70, 0x0, 0x0, 0x1,
    0xef, 0xff, 0xf1, 0x0, 0x0, 0x0, 0x2f, 0xff,
    0xfd, 0x0, 0x0, 0x0, 0x0, 0x6f, 0xff, 0xf9,
    0x0, 0x0, 0x0, 0xbf, 0xff, 0xf4, 0x0, 0x0,
    0x0, 0x0, 0xc, 0xff, 0xff, 0x30, 0x0, 0x4,
    0xff, 0xff, 0xa0, 0x0, 0x0, 0x0, 0x0, 0x2,
    0xff, 0xff, 0xc0, 0x0, 0xd, 0xff, 0xff, 0x10,
    0x0, 0x0, 0x0, 0x0, 0x0, 0x8f, 0xff, 0xf6,
    0x0, 0x7f, 0xff, 0xf6, 0x0, 0x0, 0x0, 0x0,
    0x0, 0x0, 0xe, 0xff, 0xfe, 0x0, 0xef, 0xff,
    0xc0, 0x0, 0x0, 0x0, 0x0, 0x0, 0x0, 0x5,
    0xff, 0xff, 0x67, 0xff, 0xff, 0x30, 0x0, 0x0,
    0x0, 0x0, 0x0, 0x0, 0x0, 0xbf, 0xff, 0xde,
    0xff, 0xf9, 0x0, 0x0, 0x0, 0x0, 0x0, 0x0,
    0x0, 0x0, 0x2f, 0xff, 0xff, 0xff, 0xe1, 0x0,
    0x0, 0x0, 0x0, 0x0, 0x0, 0x0, 0x0, 0x7,
    0xff, 0xff, 0xff, 0x50, 0x0, 0x0, 0x0, 0x0,
    0x0, 0x0, 0x0, 0x0, 0x0, 0xdf, 0xff, 0xfb,
    0x0, 0x0, 0x0, 0x0, 0x0, 0x0, 0x0, 0x0,
    0x0, 0x0, 0x5f, 0xff, 0xf3, 0x0, 0x0, 0x0,
    0x0, 0x0, 0x0, 0x0, 0x0, 0x0, 0x0, 0x4f,
    0xff, 0xf2, 0x0, 0x0, 0x0, 0x0, 0x0, 0x0,
    0x0, 0x0, 0x0, 0x0, 0x4f, 0xff, 0xf2, 0x0,
    0x0, 0x0, 0x0, 0x0, 0x0, 0x0, 0x0, 0x0,
    0x0, 0x4f, 0xff, 0xf2, 0x0, 0x0, 0x0, 0x0,
    0x0, 0x0, 0x0, 0x0, 0x0, 0x0, 0x4f, 0xff,
    0xf2, 0x0, 0x0, 0x0, 0x0, 0x0, 0x0, 0x0,
    0x0, 0x0, 0x0, 0x4f, 0xff, 0xf2, 0x0, 0x0,
    0x0, 0x0, 0x0, 0x0, 0x0, 0x0, 0x0, 0x0,
    0x4f, 0xff, 0xf2, 0x0, 0x0, 0x0, 0x0, 0x0,
    0x0, 0x0, 0x0, 0x0, 0x0, 0x4f, 0xff, 0xf2,
    0x0, 0x0, 0x0, 0x0, 0x0, 0x0, 0x0, 0x0,
    0x0, 0x0, 0x4f, 0xff, 0xf2, 0x0, 0x0, 0x0,
    0x0, 0x0, 0x0, 0x0, 0x0, 0x0, 0x0, 0x4f,
    0xff, 0xf2, 0x0, 0x0, 0x0, 0x0, 0x0, 0x0,
    0x0, 0x0, 0x0, 0x0, 0x4f, 0xff, 0xf2, 0x0,
    0x0, 0x0, 0x0, 0x0, 0x0, 0x0, 0x0, 0x0,
    0x0, 0x4f, 0xff, 0xf2, 0x0, 0x0, 0x0, 0x0,
    0x0,

    /* U+005A "Z" */
    0xaf, 0xff, 0xff, 0xff, 0xff, 0xff, 0xff, 0xff,
    0xff, 0xff, 0xf3, 0xaf, 0xff, 0xff, 0xff, 0xff,
    0xff, 0xff, 0xff, 0xff, 0xff, 0xf3, 0xaf, 0xff,
    0xff, 0xff, 0xff, 0xff, 0xff, 0xff, 0xff, 0xff,
    0xf3, 0x8c, 0xcc, 0xcc, 0xcc, 0xcc, 0xcc, 0xcc,
    0xcc, 0xff, 0xff, 0xc0, 0x0, 0x0, 0x0, 0x0,
    0x0, 0x0, 0x0, 0x9, 0xff, 0xff, 0x20, 0x0,
    0x0, 0x0, 0x0, 0x0, 0x0, 0x0, 0x5f, 0xff,
    0xf7, 0x0, 0x0, 0x0, 0x0, 0x0, 0x0, 0x0,
    0x2, 0xff, 0xff, 0xc0, 0x0, 0x0, 0x0, 0x0,
    0x0, 0x0, 0x0, 0xc, 0xff, 0xff, 0x20, 0x0,
    0x0, 0x0, 0x0, 0x0, 0x0, 0x0, 0x8f, 0xff,
    0xf6, 0x0, 0x0, 0x0, 0x0, 0x0, 0x0, 0x0,
    0x3, 0xff, 0xff, 0xb0, 0x0, 0x0, 0x0, 0x0,
    0x0, 0x0, 0x0, 0xd, 0xff, 0xfe, 0x10, 0x0,
    0x0, 0x0, 0x0, 0x0, 0x0, 0x0, 0x9f, 0xff,
    0xf5, 0x0, 0x0, 0x0, 0x0, 0x0, 0x0, 0x0,
    0x4, 0xff, 0xff, 0xa0, 0x0, 0x0, 0x0, 0x0,
    0x0, 0x0, 0x0, 0xe, 0xff, 0xfe, 0x10, 0x0,
    0x0, 0x0, 0x0, 0x0, 0x0, 0x0, 0x9f, 0xff,
    0xf4, 0x0, 0x0, 0x0, 0x0, 0x0, 0x0, 0x0,
    0x4, 0xff, 0xff, 0x90, 0x0, 0x0, 0x0, 0x0,
    0x0, 0x0, 0x0, 0x1e, 0xff, 0xfd, 0x0, 0x0,
    0x0, 0x0, 0x0, 0x0, 0x0, 0x0, 0xaf, 0xff,
    0xf3, 0x0, 0x0, 0x0, 0x0, 0x0, 0x0, 0x0,
    0x5, 0xff, 0xff, 0x80, 0x0, 0x0, 0x0, 0x0,
    0x0, 0x0, 0x0, 0x1f, 0xff, 0xfd, 0x0, 0x0,
    0x0, 0x0, 0x0, 0x0, 0x0, 0x0, 0xbf, 0xff,
    0xf2, 0x0, 0x0, 0x0, 0x0, 0x0, 0x0, 0x0,
    0x6, 0xff, 0xff, 0x70, 0x0, 0x0, 0x0, 0x0,
    0x0, 0x0, 0x0, 0x2f, 0xff, 0xfb, 0x0, 0x0,
    0x0, 0x0, 0x0, 0x0, 0x0, 0x0, 0xcf, 0xff,
    0xe1, 0x0, 0x0, 0x0, 0x0, 0x0, 0x0, 0x0,
    0x7, 0xff, 0xff, 0x30, 0x0, 0x0, 0x0, 0x0,
    0x0, 0x0, 0x0, 0x2f, 0xff, 0xfe, 0xbc, 0xcc,
    0xcc, 0xcc, 0xcc, 0xcc, 0xcc, 0xc3, 0x8f, 0xff,
    0xff, 0xff, 0xff, 0xff, 0xff, 0xff, 0xff, 0xff,
    0xf4, 0x9f, 0xff, 0xff, 0xff, 0xff, 0xff, 0xff,
    0xff, 0xff, 0xff, 0xf4, 0x9f, 0xff, 0xff, 0xff,
    0xff, 0xff, 0xff, 0xff, 0xff, 0xff, 0xf4,

    /* U+005B "[" */
    0xef, 0xff, 0xff, 0xff, 0x7e, 0xff, 0xff, 0xff,
    0xf7, 0xef, 0xff, 0xff, 0xff, 0x7e, 0xff, 0xf9,
    0x77, 0x73, 0xef, 0xff, 0x40, 0x0, 0xe, 0xff,
    0xf4, 0x0, 0x0, 0xef, 0xff, 0x40, 0x0, 0xe,
    0xff, 0xf4, 0x0, 0x0, 0xef, 0xff, 0x40, 0x0,
    0xe, 0xff, 0xf4, 0x0, 0x0, 0xef, 0xff, 0x40,
    0x0, 0xe, 0xff, 0xf4, 0x0, 0x0, 0xef, 0xff,
    0x40, 0x0, 0xe, 0xff, 0xf4, 0x0, 0x0, 0xef,
    0xff, 0x40, 0x0, 0xe, 0xff, 0xf4, 0x0, 0x0,
    0xef, 0xff, 0x40, 0x0, 0xe, 0xff, 0xf4, 0x0,
    0x0, 0xef, 0xff, 0x40, 0x0, 0xe, 0xff, 0xf4,
    0x0, 0x0, 0xef, 0xff, 0x40, 0x0, 0xe, 0xff,
    0xf4, 0x0, 0x0, 0xef, 0xff, 0x40, 0x0, 0xe,
    0xff, 0xf4, 0x0, 0x0, 0xef, 0xff, 0x40, 0x0,
    0xe, 0xff, 0xf4, 0x0, 0x0, 0xef, 0xff, 0x40,
    0x0, 0xe, 0xff, 0xf4, 0x0, 0x0, 0xef, 0xff,
    0x40, 0x0, 0xe, 0xff, 0xf4, 0x0, 0x0, 0xef,
    0xff, 0x40, 0x0, 0xe, 0xff, 0xf4, 0x0, 0x0,
    0xef, 0xff, 0x97, 0x77, 0x3e, 0xff, 0xff, 0xff,
    0xf7, 0xef, 0xff, 0xff, 0xff, 0x7e, 0xff, 0xff,
    0xff, 0xf7,

    /* U+005C "\\" */
    0x18, 0x88, 0x50, 0x0, 0x0, 0x0, 0x0, 0xe,
    0xff, 0xe0, 0x0, 0x0, 0x0, 0x0, 0xa, 0xff,
    0xf2, 0x0, 0x0, 0x0, 0x0, 0x6, 0xff, 0xf7,
    0x0, 0x0, 0x0, 0x0, 0x2, 0xff, 0xfb, 0x0,
    0x0, 0x0, 0x0, 0x0, 0xdf, 0xff, 0x0, 0x0,
    0x0, 0x0, 0x0, 0x9f, 0xff, 0x40, 0x0, 0x0,
    0x0, 0x0, 0x5f, 0xff, 0x80, 0x0, 0x0, 0x0,
    0x0, 0xf, 0xff, 0xc0, 0x0, 0x0, 0x0, 0x0,
    0xc, 0xff, 0xf1, 0x0, 0x0, 0x0, 0x0, 0x8,
    0xff, 0xf5, 0x0, 0x0, 0x0, 0x0, 0x3, 0xff,
    0xf9, 0x0, 0x0, 0x0, 0x0, 0x0, 0xff, 0xfe,
    0x0, 0x0, 0x0, 0x0, 0x0, 0xaf, 0xff, 0x20,
    0x0, 0x0, 0x0, 0x0, 0x6f, 0xff, 0x60, 0x0,
    0x0, 0x0, 0x0, 0x2f, 0xff, 0xb0, 0x0, 0x0,
    0x0, 0x0, 0xd, 0xff, 0xf0, 0x0, 0x0, 0x0,
    0x0, 0x9, 0xff, 0xf3, 0x0, 0x0, 0x0, 0x0,
    0x5, 0xff, 0xf8, 0x0, 0x0, 0x0, 0x0, 0x1,
    0xff, 0xfc, 0x0, 0x0, 0x0, 0x0, 0x0, 0xcf,
    0xff, 0x10, 0x0, 0x0, 0x0, 0x0, 0x8f, 0xff,
    0x50, 0x0, 0x0, 0x0, 0x0, 0x3f, 0xff, 0x90,
    0x0, 0x0, 0x0, 0x0, 0xf, 0xff, 0xe0, 0x0,
    0x0, 0x0, 0x0, 0xb, 0xff, 0xf2, 0x0, 0x0,
    0x0, 0x0, 0x6, 0xff, 0xf6, 0x0, 0x0, 0x0,
    0x0, 0x2, 0xff, 0xfb, 0x0, 0x0, 0x0, 0x0,
    0x0, 0xef, 0xff, 0x0, 0x0, 0x0, 0x0, 0x0,
    0x9f, 0xff, 0x30, 0x0, 0x0, 0x0, 0x0, 0x5f,
    0xff, 0x80, 0x0, 0x0, 0x0, 0x0, 0x1f, 0xff,
    0xc0, 0x0, 0x0, 0x0, 0x0, 0xc, 0xff, 0xf1,
    0x0, 0x0, 0x0, 0x0, 0x8, 0xff, 0xf5, 0x0,
    0x0, 0x0, 0x0, 0x4, 0xff, 0xf9, 0x0, 0x0,
    0x0, 0x0, 0x0, 0xff, 0xfd,

    /* U+005D "]" */
    0xbf, 0xff, 0xff, 0xff, 0xab, 0xff, 0xff, 0xff,
    0xfa, 0xbf, 0xff, 0xff, 0xff, 0xa5, 0x77, 0x7b,
    0xff, 0xfa, 0x0, 0x0, 0x8f, 0xff, 0xa0, 0x0,
    0x8, 0xff, 0xfa, 0x0, 0x0, 0x8f, 0xff, 0xa0,
    0x0, 0x8, 0xff, 0xfa, 0x0, 0x0, 0x8f, 0xff,
    0xa0, 0x0, 0x8, 0xff, 0xfa, 0x0, 0x0, 0x8f,
    0xff, 0xa0, 0x0, 0x8, 0xff, 0xfa, 0x0, 0x0,
    0x8f, 0xff, 0xa0, 0x0, 0x8, 0xff, 0xfa, 0x0,
    0x0, 0x8f, 0xff, 0xa0, 0x0, 0x8, 0xff, 0xfa,
    0x0, 0x0, 0x8f, 0xff, 0xa0, 0x0, 0x8, 0xff,
    0xfa, 0x0, 0x0, 0x8f, 0xff, 0xa0, 0x0, 0x8,
    0xff, 0xfa, 0x0, 0x0, 0x8f, 0xff, 0xa0, 0x0,
    0x8, 0xff, 0xfa, 0x0, 0x0, 0x8f, 0xff, 0xa0,
    0x0, 0x8, 0xff, 0xfa, 0x0, 0x0, 0x8f, 0xff,
    0xa0, 0x0, 0x8, 0xff, 0xfa, 0x0, 0x0, 0x8f,
    0xff, 0xa0, 0x0, 0x8, 0xff, 0xfa, 0x0, 0x0,
    0x8f, 0xff, 0xa0, 0x0, 0x8, 0xff, 0xfa, 0x0,
    0x0, 0x8f, 0xff, 0xa0, 0x0, 0x8, 0xff, 0xfa,
    0x57, 0x77, 0xbf, 0xff, 0xab, 0xff, 0xff, 0xff,
    0xfa, 0xbf, 0xff, 0xff, 0xff, 0xab, 0xff, 0xff,
    0xff, 0xfa,

    /* U+005E "^" */
    0x0, 0x0, 0x0, 0x12, 0x22, 0x10, 0x0, 0x0,
    0x0, 0x0, 0x0, 0xd, 0xff, 0xfe, 0x0, 0x0,
    0x0, 0x0, 0x0, 0x5, 0xff, 0xff, 0xf6, 0x0,
    0x0, 0x0, 0x0, 0x0, 0xdf, 0xff, 0xff, 0xd0,
    0x0, 0x0, 0x0, 0x0, 0x4f, 0xff, 0xaf, 0xff,
    0x50, 0x0, 0x0, 0x0, 0xc, 0xff, 0xe0, 0xdf,
    0xfd, 0x0, 0x0, 0x0, 0x3, 0xff, 0xf7, 0x5,
    0xff, 0xf5, 0x0, 0x0, 0x0, 0xbf, 0xff, 0x0,
    0xe, 0xff, 0xc0, 0x0, 0x0, 0x3f, 0xff, 0x80,
    0x0, 0x7f, 0xff, 0x40, 0x0, 0xa, 0xff, 0xf1,
    0x0, 0x0, 0xff, 0xfb, 0x0, 0x2, 0xff, 0xfa,
    0x0, 0x0, 0x8, 0xff, 0xf3, 0x0, 0x9f, 0xff,
    0x30, 0x0, 0x0, 0x1f, 0xff, 0xa0, 0x1f, 0xff,
    0xb0, 0x0, 0x0, 0x0, 0xaf, 0xff, 0x22, 0x55,
    0x52, 0x0, 0x0, 0x0, 0x1, 0x55, 0x52,

    /* U+005F "_" */
    0xaa, 0xaa, 0xaa, 0xaa, 0xaa, 0xaa, 0xaa, 0xaa,
    0xaa, 0x5f, 0xff, 0xff, 0xff, 0xff, 0xff, 0xff,
    0xff, 0xff, 0xf8, 0xff, 0xff, 0xff, 0xff, 0xff,
    0xff, 0xff, 0xff, 0xff, 0x8f, 0xff, 0xff, 0xff,
    0xff, 0xff, 0xff, 0xff, 0xff, 0xf8,

    /* U+0060 "`" */
    0x9d, 0xdd, 0x70, 0x0, 0x2f, 0xff, 0xf1, 0x0,
    0x7, 0xff, 0xf8, 0x0, 0x0, 0xcf, 0xfe, 0x0,
    0x0, 0x2f, 0xff, 0x70, 0x0, 0x7, 0xff, 0xe0,

    /* U+0061 "a" */
    0x0, 0x0, 0x1, 0x6b, 0xdf, 0xfe, 0xc9, 0x30,
    0x0, 0x0, 0x0, 0x8, 0xff, 0xff, 0xff, 0xff,
    0xff, 0xc2, 0x0, 0x0, 0x1c, 0xff, 0xff, 0xff,
    0xff, 0xff, 0xff, 0xe2, 0x0, 0xc, 0xff, 0xff,
    0xfb, 0x87, 0x9d, 0xff, 0xff, 0xd0, 0x5, 0xff,
    0xff, 0xb1, 0x0, 0x0, 0x8, 0xff, 0xff, 0x50,
    0x4a, 0xef, 0xc0, 0x0, 0x0, 0x0, 0xc, 0xff,
    0xf9, 0x0, 0x0, 0x22, 0x0, 0x0, 0x0, 0x0,
    0x8f, 0xff, 0xc0, 0x0, 0x0, 0x0, 0x0, 0x0,
    0x0, 0x8, 0xff, 0xfd, 0x0, 0x0, 0x0, 0x0,
    0x0, 0x1, 0x37, 0xff, 0xff, 0xd0, 0x0, 0x0,
    0x26, 0x9b, 0xdf, 0xff, 0xff, 0xff, 0xfd, 0x0,
    0x5, 0xdf, 0xff, 0xff, 0xff, 0xff, 0xff, 0xff,
    0xd0, 0xb, 0xff, 0xff, 0xff, 0xff, 0xfc, 0x9a,
    0xff, 0xfd, 0x9, 0xff, 0xff, 0xe9, 0x63, 0x10,
    0x0, 0x7f, 0xff, 0xd1, 0xff, 0xff, 0xb0, 0x0,
    0x0, 0x0, 0x7, 0xff, 0xfd, 0x4f, 0xff, 0xf1,
    0x0, 0x0, 0x0, 0x0, 0x8f, 0xff, 0xd5, 0xff,
    0xfd, 0x0, 0x0, 0x0, 0x0, 0xc, 0xff, 0xfd,
    0x4f, 0xff, 0xf0, 0x0, 0x0, 0x0, 0x6, 0xff,
    0xff, 0xd1, 0xff, 0xff, 0xa0, 0x0, 0x0, 0x7,
    0xfa, 0xff, 0xfd, 0xb, 0xff, 0xff, 0xe9, 0x77,
    0x9e, 0xff, 0x3f, 0xff, 0xd0, 0x2e, 0xff, 0xff,
    0xff, 0xff, 0xff, 0x62, 0xff, 0xfd, 0x0, 0x2d,
    0xff, 0xff, 0xff, 0xff, 0x70, 0x2f, 0xff, 0xd0,
    0x0, 0x5, 0xae, 0xff, 0xda, 0x30, 0x2, 0xff,
    0xfd,

    /* U+0062 "b" */
    0x1f, 0xff, 0xf3, 0x0, 0x0, 0x0, 0x0, 0x0,
    0x0, 0x0, 0x1, 0xff, 0xff, 0x30, 0x0, 0x0,
    0x0, 0x0, 0x0, 0x0, 0x0, 0x1f, 0xff, 0xf3,
    0x0, 0x0, 0x0, 0x0, 0x0, 0x0, 0x0, 0x1,
    0xff, 0xff, 0x30, 0x0, 0x0, 0x0, 0x0, 0x0,
    0x0, 0x0, 0x1f, 0xff, 0xf3, 0x0, 0x0, 0x0,
    0x0, 0x0, 0x0, 0x0, 0x1, 0xff, 0xff, 0x30,
    0x0, 0x0, 0x0, 0x0, 0x0, 0x0, 0x0, 0x1f,
    0xff, 0xf3, 0x0, 0x0, 0x0, 0x0, 0x0, 0x0,
    0x0, 0x1, 0xff, 0xff, 0x30, 0x5, 0xbe, 0xff,
    0xd9, 0x30, 0x0, 0x0, 0x1f, 0xff, 0xf3, 0xb,
    0xff, 0xff, 0xff, 0xff, 0xa0, 0x0, 0x1, 0xff,
    0xff, 0x3a, 0xff, 0xff, 0xff, 0xff, 0xff, 0xc1,
    0x0, 0x1f, 0xff, 0xf9, 0xff, 0xfc, 0xab, 0xef,
    0xff, 0xff, 0xb0, 0x1, 0xff, 0xff, 0xff, 0xb1,
    0x0, 0x0, 0x5e, 0xff, 0xff, 0x50, 0x1f, 0xff,
    0xff, 0xb0, 0x0, 0x0, 0x0, 0x3f, 0xff, 0xfd,
    0x1, 0xff, 0xff, 0xf1, 0x0, 0x0, 0x0, 0x0,
    0x8f, 0xff, 0xf3, 0x1f, 0xff, 0xfa, 0x0, 0x0,
    0x0, 0x0, 0x1, 0xff, 0xff, 0x71, 0xff, 0xff,
    0x50, 0x0, 0x0, 0x0, 0x0, 0xc, 0xff, 0xfa,
    0x1f, 0xff, 0xf3, 0x0, 0x0, 0x0, 0x0, 0x0,
    0xaf, 0xff, 0xc1, 0xff, 0xff, 0x20, 0x0, 0x0,
    0x0, 0x0, 0x9, 0xff, 0xfd, 0x1f, 0xff, 0xf2,
    0x0, 0x0, 0x0, 0x0, 0x0, 0x9f, 0xff, 0xd1,
    0xff, 0xff, 0x30, 0x0, 0x0, 0x0, 0x0, 0xa,
    0xff, 0xfc, 0x1f, 0xff, 0xf6, 0x0, 0x0, 0x0,
    0x0, 0x0, 0xdf, 0xff, 0xa1, 0xff, 0xff, 0xa0,
    0x0, 0x0, 0x0, 0x0, 0x1f, 0xff, 0xf7, 0x1f,
    0xff, 0xff, 0x20, 0x0, 0x0, 0x0, 0x8, 0xff,
    0xff, 0x31, 0xff, 0xff, 0xfb, 0x0, 0x0, 0x0,
    0x3, 0xff, 0xff, 0xd0, 0x1f, 0xff, 0xff, 0xfb,
    0x20, 0x0, 0x5, 0xff, 0xff, 0xf5, 0x1, 0xff,
    0xff, 0x8f, 0xff, 0xca, 0xae, 0xff, 0xff, 0xfb,
    0x0, 0x1f, 0xff, 0xf1, 0xbf, 0xff, 0xff, 0xff,
    0xff, 0xfc, 0x10, 0x1, 0xff, 0xff, 0x10, 0xbf,
    0xff, 0xff, 0xff, 0xfa, 0x0, 0x0, 0x1f, 0xff,
    0xf1, 0x0, 0x5b, 0xef, 0xfd, 0x93, 0x0, 0x0,
    0x0,

    /* U+0063 "c" */
    0x0, 0x0, 0x0, 0x17, 0xbe, 0xff, 0xeb, 0x72,
    0x0, 0x0, 0x0, 0x0, 0x0, 0x7f, 0xff, 0xff,
    0xff, 0xff, 0xf9, 0x0, 0x0, 0x0, 0x0, 0xbf,
    0xff, 0xff, 0xff, 0xff, 0xff, 0xfd, 0x10, 0x0,
    0x0, 0xbf, 0xff, 0xff, 0xda, 0xac, 0xff, 0xff,
    0xfc, 0x0, 0x0, 0x6f, 0xff, 0xfd, 0x30, 0x0,
    0x2, 0xbf, 0xff, 0xf7, 0x0, 0xe, 0xff, 0xfd,
    0x10, 0x0, 0x0, 0x0, 0xcf, 0xff, 0xe0, 0x6,
    0xff, 0xff, 0x40, 0x0, 0x0, 0x0, 0x2, 0xff,
    0xb7, 0x10, 0xbf, 0xff, 0xd0, 0x0, 0x0, 0x0,
    0x0, 0x2, 0x0, 0x0, 0xe, 0xff, 0xf8, 0x0,
    0x0, 0x0, 0x0, 0x0, 0x0, 0x0, 0x0, 0xff,
    0xff, 0x50, 0x0, 0x0, 0x0, 0x0, 0x0, 0x0,
    0x0, 0x1f, 0xff, 0xf4, 0x0, 0x0, 0x0, 0x0,
    0x0, 0x0, 0x0, 0x1, 0xff, 0xff, 0x40, 0x0,
    0x0, 0x0, 0x0, 0x0, 0x0, 0x0, 0xf, 0xff,
    0xf5, 0x0, 0x0, 0x0, 0x0, 0x0, 0x0, 0x0,
    0x0, 0xef, 0xff, 0x80, 0x0, 0x0, 0x0, 0x0,
    0x0, 0x0, 0x0, 0xb, 0xff, 0xfd, 0x0, 0x0,
    0x0, 0x0, 0x0, 0x42, 0x0, 0x0, 0x6f, 0xff,
    0xf4, 0x0, 0x0, 0x0, 0x0, 0x2f, 0xfe, 0xa1,
    0x0, 0xef, 0xff, 0xd1, 0x0, 0x0, 0x0, 0xb,
    0xff, 0xfe, 0x0, 0x6, 0xff, 0xff, 0xd3, 0x0,
    0x0, 0x2b, 0xff, 0xff, 0x70, 0x0, 0xb, 0xff,
    0xff, 0xfd, 0xaa, 0xcf, 0xff, 0xff, 0xc0, 0x0,
    0x0, 0xb, 0xff, 0xff, 0xff, 0xff, 0xff, 0xff,
    0xd1, 0x0, 0x0, 0x0, 0x7, 0xff, 0xff, 0xff,
    0xff, 0xff, 0x90, 0x0, 0x0, 0x0, 0x0, 0x1,
    0x7b, 0xef, 0xfe, 0xb7, 0x10, 0x0, 0x0,

    /* U+0064 "d" */
    0x0, 0x0, 0x0, 0x0, 0x0, 0x0, 0x0, 0x0,
    0x7f, 0xff, 0xd0, 0x0, 0x0, 0x0, 0x0, 0x0,
    0x0, 0x0, 0x7, 0xff, 0xfd, 0x0, 0x0, 0x0,
    0x0, 0x0, 0x0, 0x0, 0x0, 0x7f, 0xff, 0xd0,
    0x0, 0x0, 0x0, 0x0, 0x0, 0x0, 0x0, 0x7,
    0xff, 0xfd, 0x0, 0x0, 0x0, 0x0, 0x0, 0x0,
    0x0, 0x0, 0x7f, 0xff, 0xd0, 0x0, 0x0, 0x0,
    0x0, 0x0, 0x0, 0x0, 0x7, 0xff, 0xfd, 0x0,
    0x0, 0x0, 0x0, 0x0, 0x0, 0x0, 0x0, 0x7f,
    0xff, 0xd0, 0x0, 0x0, 0x4, 0xae, 0xff, 0xea,
    0x30, 0x7, 0xff, 0xfd, 0x0, 0x0, 0x2c, 0xff,
    0xff, 0xff, 0xff, 0x70, 0x7f, 0xff, 0xd0, 0x0,
    0x3e, 0xff, 0xff, 0xff, 0xff, 0xff, 0x67, 0xff,
    0xfd, 0x0, 0x1e, 0xff, 0xff, 0xfd, 0xaa, 0xdf,
    0xff, 0xaf, 0xff, 0xd0, 0xa, 0xff, 0xff, 0xd3,
    0x0, 0x0, 0x3d, 0xff, 0xff, 0xfd, 0x2, 0xff,
    0xff, 0xd0, 0x0, 0x0, 0x0, 0x1e, 0xff, 0xff,
    0xd0, 0x7f, 0xff, 0xf3, 0x0, 0x0, 0x0, 0x0,
    0x5f, 0xff, 0xfd, 0xc, 0xff, 0xfc, 0x0, 0x0,
    0x0, 0x0, 0x0, 0xef, 0xff, 0xd0, 0xff, 0xff,
    0x80, 0x0, 0x0, 0x0, 0x0, 0xa, 0xff, 0xfd,
    0x1f, 0xff, 0xf5, 0x0, 0x0, 0x0, 0x0, 0x0,
    0x7f, 0xff, 0xd1, 0xff, 0xff, 0x40, 0x0, 0x0,
    0x0, 0x0, 0x6, 0xff, 0xfd, 0x1f, 0xff, 0xf4,
    0x0, 0x0, 0x0, 0x0, 0x0, 0x6f, 0xff, 0xd1,
    0xff, 0xff, 0x60, 0x0, 0x0, 0x0, 0x0, 0x7,
    0xff, 0xfd, 0xf, 0xff, 0xf8, 0x0, 0x0, 0x0,
    0x0, 0x0, 0xaf, 0xff, 0xd0, 0xcf, 0xff, 0xd0,
    0x0, 0x0, 0x0, 0x0, 0xe, 0xff, 0xfd, 0x7,
    0xff, 0xff, 0x40, 0x0, 0x0, 0x0, 0x5, 0xff,
    0xff, 0xd0, 0x2f, 0xff, 0xfd, 0x10, 0x0, 0x0,
    0x1, 0xef, 0xff, 0xfd, 0x0, 0xaf, 0xff, 0xfd,
    0x30, 0x0, 0x3, 0xef, 0xff, 0xff, 0xd0, 0x1,
    0xef, 0xff, 0xff, 0xda, 0xad, 0xff, 0xf8, 0xff,
    0xfd, 0x0, 0x3, 0xef, 0xff, 0xff, 0xff, 0xff,
    0xf6, 0x5f, 0xff, 0xd0, 0x0, 0x2, 0xcf, 0xff,
    0xff, 0xff, 0xf7, 0x5, 0xff, 0xfd, 0x0, 0x0,
    0x0, 0x4a, 0xef, 0xfe, 0xa3, 0x0, 0x5f, 0xff,
    0xd0,

    /* U+0065 "e" */
    0x0, 0x0, 0x0, 0x17, 0xbe, 0xff, 0xeb, 0x61,
    0x0, 0x0, 0x0, 0x0, 0x0, 0x8f, 0xff, 0xff,
    0xff, 0xff, 0xf7, 0x0, 0x0, 0x0, 0x0, 0xcf,
    0xff, 0xff, 0xff, 0xff, 0xff, 0xfb, 0x0, 0x0,
    0x0, 0xbf, 0xff, 0xff, 0xb8, 0x9b, 0xff, 0xff,
    0xfa, 0x0, 0x0, 0x6f, 0xff, 0xfa, 0x10, 0x0,
    0x1, 0xbf, 0xff, 0xf4, 0x0, 0xe, 0xff, 0xf9,
    0x0, 0x0, 0x0, 0x0, 0xcf, 0xff, 0xc0, 0x6,
    0xff, 0xfe, 0x0, 0x0, 0x0, 0x0, 0x3, 0xff,
    0xff, 0x20, 0xbf, 0xff, 0x80, 0x0, 0x0, 0x0,
    0x0, 0xd, 0xff, 0xf6, 0xe, 0xff, 0xf6, 0x33,
    0x33, 0x33, 0x33, 0x33, 0xbf, 0xff, 0x90, 0xff,
    0xff, 0xff, 0xff, 0xff, 0xff, 0xff, 0xff, 0xff,
    0xfa, 0x1f, 0xff, 0xff, 0xff, 0xff, 0xff, 0xff,
    0xff, 0xff, 0xff, 0xa1, 0xff, 0xff, 0xff, 0xff,
    0xff, 0xff, 0xff, 0xff, 0xff, 0xfb, 0xf, 0xff,
    0xf3, 0x0, 0x0, 0x0, 0x0, 0x0, 0x0, 0x0,
    0x0, 0xef, 0xff, 0x50, 0x0, 0x0, 0x0, 0x0,
    0x0, 0x0, 0x0, 0xb, 0xff, 0xf9, 0x0, 0x0,
    0x0, 0x0, 0x0, 0x0, 0x0, 0x0, 0x6f, 0xff,
    0xf1, 0x0, 0x0, 0x0, 0x0, 0x7, 0x51, 0x0,
    0x1, 0xff, 0xff, 0xb0, 0x0, 0x0, 0x0, 0x4,
    0xff, 0xfd, 0x20, 0x7, 0xff, 0xff, 0xb2, 0x0,
    0x0, 0x5, 0xff, 0xff, 0xd0, 0x0, 0xc, 0xff,
    0xff, 0xfc, 0x98, 0xae, 0xff, 0xff, 0xf4, 0x0,
    0x0, 0xc, 0xff, 0xff, 0xff, 0xff, 0xff, 0xff,
    0xf5, 0x0, 0x0, 0x0, 0x7, 0xff, 0xff, 0xff,
    0xff, 0xff, 0xd3, 0x0, 0x0, 0x0, 0x0, 0x1,
    0x6b, 0xef, 0xff, 0xd9, 0x40, 0x0, 0x0,

    /* U+0066 "f" */
    0x0, 0x0, 0x0, 0x2, 0x9d, 0xff, 0xeb, 0x40,
    0x0, 0x0, 0x7, 0xff, 0xff, 0xff, 0xf5, 0x0,
    0x0, 0x6, 0xff, 0xff, 0xff, 0xff, 0x10, 0x0,
    0x0, 0xff, 0xff, 0xfe, 0xbc, 0xb0, 0x0, 0x0,
    0x4f, 0xff, 0xf8, 0x0, 0x0, 0x0, 0x0, 0x6,
    0xff, 0xff, 0x0, 0x0, 0x0, 0x0, 0x0, 0x7f,
    0xff, 0xd0, 0x0, 0x0, 0x0, 0x0, 0x7, 0xff,
    0xfd, 0x0, 0x0, 0x0, 0x9f, 0xff, 0xff, 0xff,
    0xff, 0xff, 0xfb, 0x9, 0xff, 0xff, 0xff, 0xff,
    0xff, 0xff, 0xb0, 0x9f, 0xff, 0xff, 0xff, 0xff,
    0xff, 0xfb, 0x4, 0x77, 0x7b, 0xff, 0xfe, 0x77,
    0x77, 0x50, 0x0, 0x0, 0x7f, 0xff, 0xd0, 0x0,
    0x0, 0x0, 0x0, 0x7, 0xff, 0xfd, 0x0, 0x0,
    0x0, 0x0, 0x0, 0x7f, 0xff, 0xd0, 0x0, 0x0,
    0x0, 0x0, 0x7, 0xff, 0xfd, 0x0, 0x0, 0x0,
    0x0, 0x0, 0x7f, 0xff, 0xd0, 0x0, 0x0, 0x0,
    0x0, 0x7, 0xff, 0xfd, 0x0, 0x0, 0x0, 0x0,
    0x0, 0x7f, 0xff, 0xd0, 0x0, 0x0, 0x0, 0x0,
    0x7, 0xff, 0xfd, 0x0, 0x0, 0x0, 0x0, 0x0,
    0x7f, 0xff, 0xd0, 0x0, 0x0, 0x0, 0x0, 0x7,
    0xff, 0xfd, 0x0, 0x0, 0x0, 0x0, 0x0, 0x7f,
    0xff, 0xd0, 0x0, 0x0, 0x0, 0x0, 0x7, 0xff,
    0xfd, 0x0, 0x0, 0x0, 0x0, 0x0, 0x7f, 0xff,
    0xd0, 0x0, 0x0, 0x0, 0x0, 0x7, 0xff, 0xfd,
    0x0, 0x0, 0x0, 0x0, 0x0, 0x7f, 0xff, 0xd0,
    0x0, 0x0, 0x0, 0x0, 0x7, 0xff, 0xfd, 0x0,
    0x0, 0x0, 0x0, 0x0, 0x7f, 0xff, 0xd0, 0x0,
    0x0, 0x0, 0x0, 0x7, 0xff, 0xfd, 0x0, 0x0,
    0x0,

    /* U+0067 "g" */
    0x0, 0x0, 0x0, 0x4a, 0xdf, 0xfe, 0xa3, 0x0,
    0x4f, 0xff, 0xe0, 0x0, 0x1, 0xbf, 0xff, 0xff,
    0xff, 0xf8, 0x4, 0xff, 0xfe, 0x0, 0x2, 0xef,
    0xff, 0xff, 0xff, 0xff, 0xf8, 0x4f, 0xff, 0xe0,
    0x0, 0xdf, 0xff, 0xff, 0xda, 0xad, 0xff, 0xf8,
    0xff, 0xfe, 0x0, 0x8f, 0xff, 0xfd, 0x30, 0x0,
    0x3, 0xdf, 0xff, 0xff, 0xe0, 0x1f, 0xff, 0xfe,
    0x10, 0x0, 0x0, 0x1, 0xef, 0xff, 0xfe, 0x7,
    0xff, 0xff, 0x50, 0x0, 0x0, 0x0, 0x5, 0xff,
    0xff, 0xe0, 0xbf, 0xff, 0xd0, 0x0, 0x0, 0x0,
    0x0, 0xe, 0xff, 0xfe, 0xe, 0xff, 0xf9, 0x0,
    0x0, 0x0, 0x0, 0x0, 0xaf, 0xff, 0xe0, 0xff,
    0xff, 0x60, 0x0, 0x0, 0x0, 0x0, 0x7, 0xff,
    0xfe, 0x1f, 0xff, 0xf4, 0x0, 0x0, 0x0, 0x0,
    0x0, 0x6f, 0xff, 0xe1, 0xff, 0xff, 0x40, 0x0,
    0x0, 0x0, 0x0, 0x6, 0xff, 0xfe, 0x1f, 0xff,
    0xf5, 0x0, 0x0, 0x0, 0x0, 0x0, 0x6f, 0xff,
    0xe0, 0xff, 0xff, 0x70, 0x0, 0x0, 0x0, 0x0,
    0x9, 0xff, 0xfe, 0xc, 0xff, 0xfc, 0x0, 0x0,
    0x0, 0x0, 0x0, 0xdf, 0xff, 0xe0, 0x8f, 0xff,
    0xf2, 0x0, 0x0, 0x0, 0x0, 0x3f, 0xff, 0xfe,
    0x3, 0xff, 0xff, 0xc0, 0x0, 0x0, 0x0, 0xc,
    0xff, 0xff, 0xe0, 0xb, 0xff, 0xff, 0xb2, 0x0,
    0x0, 0x1b, 0xff, 0xff, 0xfe, 0x0, 0x2f, 0xff,
    0xff, 0xfc, 0x99, 0xcf, 0xff, 0xaf, 0xff, 0xe0,
    0x0, 0x4f, 0xff, 0xff, 0xff, 0xff, 0xff, 0x86,
    0xff, 0xfe, 0x0, 0x0, 0x3d, 0xff, 0xff, 0xff,
    0xff, 0x80, 0x6f, 0xff, 0xe0, 0x0, 0x0, 0x5,
    0xae, 0xff, 0xea, 0x30, 0x6, 0xff, 0xfe, 0x0,
    0x0, 0x0, 0x0, 0x0, 0x0, 0x0, 0x0, 0x6f,
    0xff, 0xd0, 0x0, 0x0, 0x0, 0x0, 0x0, 0x0,
    0x0, 0x8, 0xff, 0xfc, 0x0, 0x2, 0x9a, 0x0,
    0x0, 0x0, 0x0, 0x1, 0xef, 0xff, 0x80, 0x1c,
    0xff, 0xfb, 0x20, 0x0, 0x0, 0x2, 0xcf, 0xff,
    0xf2, 0x0, 0x9f, 0xff, 0xff, 0xb8, 0x77, 0x8c,
    0xff, 0xff, 0xf8, 0x0, 0x0, 0xaf, 0xff, 0xff,
    0xff, 0xff, 0xff, 0xff, 0xfa, 0x0, 0x0, 0x0,
    0x6e, 0xff, 0xff, 0xff, 0xff, 0xff, 0xe6, 0x0,
    0x0, 0x0, 0x0, 0x5, 0x9d, 0xef, 0xfe, 0xc9,
    0x50, 0x0, 0x0,

    /* U+0068 "h" */
    0x1f, 0xff, 0xf2, 0x0, 0x0, 0x0, 0x0, 0x0,
    0x0, 0x0, 0x1f, 0xff, 0xf2, 0x0, 0x0, 0x0,
    0x0, 0x0, 0x0, 0x0, 0x1f, 0xff, 0xf2, 0x0,
    0x0, 0x0, 0x0, 0x0, 0x0, 0x0, 0x1f, 0xff,
    0xf2, 0x0, 0x0, 0x0, 0x0, 0x0, 0x0, 0x0,
    0x1f, 0xff, 0xf2, 0x0, 0x0, 0x0, 0x0, 0x0,
    0x0, 0x0, 0x1f, 0xff, 0xf2, 0x0, 0x0, 0x0,
    0x0, 0x0, 0x0, 0x0, 0x1f, 0xff, 0xf2, 0x0,
    0x0, 0x0, 0x0, 0x0, 0x0, 0x0, 0x1f, 0xff,
    0xf2, 0x0, 0x5b, 0xef, 0xfd, 0x92, 0x0, 0x0,
    0x1f, 0xff, 0xf2, 0x1b, 0xff, 0xff, 0xff, 0xff,
    0x70, 0x0, 0x1f, 0xff, 0xf2, 0xcf, 0xff, 0xff,
    0xff, 0xff, 0xf7, 0x0, 0x1f, 0xff, 0xfa, 0xff,
    0xfc, 0xce, 0xff, 0xff, 0xff, 0x20, 0x1f, 0xff,
    0xff, 0xf7, 0x0, 0x0, 0x3d, 0xff, 0xff, 0x90,
    0x1f, 0xff, 0xff, 0x50, 0x0, 0x0, 0x1, 0xef,
    0xff, 0xe0, 0x1f, 0xff, 0xfb, 0x0, 0x0, 0x0,
    0x0, 0x7f, 0xff, 0xf0, 0x1f, 0xff, 0xf6, 0x0,
    0x0, 0x0, 0x0, 0x3f, 0xff, 0xf2, 0x1f, 0xff,
    0xf3, 0x0, 0x0, 0x0, 0x0, 0x2f, 0xff, 0xf2,
    0x1f, 0xff, 0xf3, 0x0, 0x0, 0x0, 0x0, 0x2f,
    0xff, 0xf2, 0x1f, 0xff, 0xf3, 0x0, 0x0, 0x0,
    0x0, 0x2f, 0xff, 0xf2, 0x1f, 0xff, 0xf3, 0x0,
    0x0, 0x0, 0x0, 0x2f, 0xff, 0xf2, 0x1f, 0xff,
    0xf3, 0x0, 0x0, 0x0, 0x0, 0x2f, 0xff, 0xf2,
    0x1f, 0xff, 0xf3, 0x0, 0x0, 0x0, 0x0, 0x2f,
    0xff, 0xf2, 0x1f, 0xff, 0xf3, 0x0, 0x0, 0x0,
    0x0, 0x2f, 0xff, 0xf2, 0x1f, 0xff, 0xf3, 0x0,
    0x0, 0x0, 0x0, 0x2f, 0xff, 0xf2, 0x1f, 0xff,
    0xf3, 0x0, 0x0, 0x0, 0x0, 0x2f, 0xff, 0xf2,
    0x1f, 0xff, 0xf3, 0x0, 0x0, 0x0, 0x0, 0x2f,
    0xff, 0xf2, 0x1f, 0xff, 0xf3, 0x0, 0x0, 0x0,
    0x0, 0x2f, 0xff, 0xf2, 0x1f, 0xff, 0xf3, 0x0,
    0x0, 0x0, 0x0, 0x2f, 0xff, 0xf2, 0x1f, 0xff,
    0xf3, 0x0, 0x0, 0x0, 0x0, 0x2f, 0xff, 0xf2,
    0x1f, 0xff, 0xf3, 0x0, 0x0, 0x0, 0x0, 0x2f,
    0xff, 0xf2,

    /* U+0069 "i" */
    0x0, 0x0, 0x0, 0x9, 0xff, 0xa0, 0x6f, 0xff,
    0xf8, 0x9f, 0xff, 0xfc, 0x6f, 0xff, 0xf8, 0x7,
    0xef, 0x90, 0x0, 0x0, 0x0, 0x0, 0x0, 0x0,
    0x0, 0x0, 0x0, 0x1f, 0xff, 0xf3, 0x1f, 0xff,
    0xf3, 0x1f, 0xff, 0xf3, 0x1f, 0xff, 0xf3, 0x1f,
    0xff, 0xf3, 0x1f, 0xff, 0xf3, 0x1f, 0xff, 0xf3,
    0x1f, 0xff, 0xf3, 0x1f, 0xff, 0xf3, 0x1f, 0xff,
    0xf3, 0x1f, 0xff, 0xf3, 0x1f, 0xff, 0xf3, 0x1f,
    0xff, 0xf3, 0x1f, 0xff, 0xf3, 0x1f, 0xff, 0xf3,
    0x1f, 0xff, 0xf3, 0x1f, 0xff, 0xf3, 0x1f, 0xff,
    0xf3, 0x1f, 0xff, 0xf3, 0x1f, 0xff, 0xf3, 0x1f,
    0xff, 0xf3, 0x1f, 0xff, 0xf3,

    /* U+006A "j" */
    0x0, 0x0, 0x0, 0x0, 0x0, 0x0, 0x9, 0xff,
    0xa0, 0x0, 0x6, 0xff, 0xff, 0x80, 0x0, 0xaf,
    0xff, 0xfb, 0x0, 0x6, 0xff, 0xff, 0x70, 0x0,
    0x8, 0xef, 0x90, 0x0, 0x0, 0x0, 0x0, 0x0,
    0x0, 0x0, 0x0, 0x0, 0x0, 0x0, 0x0, 0x0,
    0x0, 0x0, 0x2f, 0xff, 0xf3, 0x0, 0x2, 0xff,
    0xff, 0x30, 0x0, 0x2f, 0xff, 0xf3, 0x0, 0x2,
    0xff, 0xff, 0x30, 0x0, 0x2f, 0xff, 0xf3, 0x0,
    0x2, 0xff, 0xff, 0x30, 0x0, 0x2f, 0xff, 0xf3,
    0x0, 0x2, 0xff, 0xff, 0x30, 0x0, 0x2f, 0xff,
    0xf3, 0x0, 0x2, 0xff, 0xff, 0x30, 0x0, 0x2f,
    0xff, 0xf3, 0x0, 0x2, 0xff, 0xff, 0x30, 0x0,
    0x2f, 0xff, 0xf3, 0x0, 0x2, 0xff, 0xff, 0x30,
    0x0, 0x2f, 0xff, 0xf3, 0x0, 0x2, 0xff, 0xff,
    0x30, 0x0, 0x2f, 0xff, 0xf3, 0x0, 0x2, 0xff,
    0xff, 0x30, 0x0, 0x2f, 0xff, 0xf3, 0x0, 0x2,
    0xff, 0xff, 0x30, 0x0, 0x2f, 0xff, 0xf3, 0x0,
    0x2, 0xff, 0xff, 0x30, 0x0, 0x2f, 0xff, 0xf3,
    0x0, 0x2, 0xff, 0xff, 0x20, 0x0, 0x4f, 0xff,
    0xf1, 0x0, 0xc, 0xff, 0xfe, 0x7, 0xbe, 0xff,
    0xff, 0x90, 0xaf, 0xff, 0xff, 0xf1, 0xa, 0xff,
    0xff, 0xe3, 0x0, 0xaf, 0xec, 0x70, 0x0, 0x0,

    /* U+006B "k" */
    0x1f, 0xff, 0xf3, 0x0, 0x0, 0x0, 0x0, 0x0,
    0x0, 0x0, 0x1f, 0xff, 0xf3, 0x0, 0x0, 0x0,
    0x0, 0x0, 0x0, 0x0, 0x1f, 0xff, 0xf3, 0x0,
    0x0, 0x0, 0x0, 0x0, 0x0, 0x0, 0x1f, 0xff,
    0xf3, 0x0, 0x0, 0x0, 0x0, 0x0, 0x0, 0x0,
    0x1f, 0xff, 0xf3, 0x0, 0x0, 0x0, 0x0, 0x0,
    0x0, 0x0, 0x1f, 0xff, 0xf3, 0x0, 0x0, 0x0,
    0x0, 0x0, 0x0, 0x0, 0x1f, 0xff, 0xf3, 0x0,
    0x0, 0x0, 0x0, 0x0, 0x0, 0x0, 0x1f, 0xff,
    0xf3, 0x0, 0x0, 0x0, 0x4, 0xff, 0xff, 0xd1,
    0x1f, 0xff, 0xf3, 0x0, 0x0, 0x0, 0x3f, 0xff,
    0xfd, 0x10, 0x1f, 0xff, 0xf3, 0x0, 0x0, 0x2,
    0xef, 0xff, 0xe2, 0x0, 0x1f, 0xff, 0xf3, 0x0,
    0x0, 0x1e, 0xff, 0xff, 0x30, 0x0, 0x1f, 0xff,
    0xf3, 0x0, 0x1, 0xdf, 0xff, 0xf4, 0x0, 0x0,
    0x1f, 0xff, 0xf3, 0x0, 0xc, 0xff, 0xff, 0x50,
    0x0, 0x0, 0x1f, 0xff, 0xf3, 0x0, 0xbf, 0xff,
    0xf6, 0x0, 0x0, 0x0, 0x1f, 0xff, 0xf3, 0xa,
    0xff, 0xff, 0x70, 0x0, 0x0, 0x0, 0x1f, 0xff,
    0xf3, 0x9f, 0xff, 0xf9, 0x0, 0x0, 0x0, 0x0,
    0x1f, 0xff, 0xfc, 0xff, 0xff, 0xc0, 0x0, 0x0,
    0x0, 0x0, 0x1f, 0xff, 0xff, 0xff, 0xff, 0xf4,
    0x0, 0x0, 0x0, 0x0, 0x1f, 0xff, 0xff, 0xff,
    0xff, 0xfe, 0x10, 0x0, 0x0, 0x0, 0x1f, 0xff,
    0xff, 0xe9, 0xff, 0xff, 0xc0, 0x0, 0x0, 0x0,
    0x1f, 0xff, 0xfe, 0x20, 0xcf, 0xff, 0xf8, 0x0,
    0x0, 0x0, 0x1f, 0xff, 0xf4, 0x0, 0x1e, 0xff,
    0xff, 0x40, 0x0, 0x0, 0x1f, 0xff, 0xf3, 0x0,
    0x4, 0xff, 0xff, 0xe1, 0x0, 0x0, 0x1f, 0xff,
    0xf3, 0x0, 0x0, 0x8f, 0xff, 0xfc, 0x0, 0x0,
    0x1f, 0xff, 0xf3, 0x0, 0x0, 0xc, 0xff, 0xff,
    0x80, 0x0, 0x1f, 0xff, 0xf3, 0x0, 0x0, 0x1,
    0xef, 0xff, 0xf4, 0x0, 0x1f, 0xff, 0xf3, 0x0,
    0x0, 0x0, 0x4f, 0xff, 0xfe, 0x20, 0x1f, 0xff,
    0xf3, 0x0, 0x0, 0x0, 0x7, 0xff, 0xff, 0xc0,
    0x1f, 0xff, 0xf3, 0x0, 0x0, 0x0, 0x0, 0xbf,
    0xff, 0xf9,

    /* U+006C "l" */
    0x1f, 0xff, 0xf3, 0x1f, 0xff, 0xf3, 0x1f, 0xff,
    0xf3, 0x1f, 0xff, 0xf3, 0x1f, 0xff, 0xf3, 0x1f,
    0xff, 0xf3, 0x1f, 0xff, 0xf3, 0x1f, 0xff, 0xf3,
    0x1f, 0xff, 0xf3, 0x1f, 0xff, 0xf3, 0x1f, 0xff,
    0xf3, 0x1f, 0xff, 0xf3, 0x1f, 0xff, 0xf3, 0x1f,
    0xff, 0xf3, 0x1f, 0xff, 0xf3, 0x1f, 0xff, 0xf3,
    0x1f, 0xff, 0xf3, 0x1f, 0xff, 0xf3, 0x1f, 0xff,
    0xf3, 0x1f, 0xff, 0xf3, 0x1f, 0xff, 0xf3, 0x1f,
    0xff, 0xf3, 0x1f, 0xff, 0xf3, 0x1f, 0xff, 0xf3,
    0x1f, 0xff, 0xf3, 0x1f, 0xff, 0xf3, 0x1f, 0xff,
    0xf3, 0x1f, 0xff, 0xf3, 0x1f, 0xff, 0xf3,

    /* U+006D "m" */
    0x1f, 0xff, 0xf0, 0x0, 0x6c, 0xff, 0xd9, 0x10,
    0x0, 0x0, 0x5a, 0xef, 0xfc, 0x71, 0x0, 0x1,
    0xff, 0xff, 0x1, 0xcf, 0xff, 0xff, 0xfe, 0x20,
    0x1, 0xcf, 0xff, 0xff, 0xff, 0xe4, 0x0, 0x1f,
    0xff, 0xf1, 0xdf, 0xff, 0xff, 0xff, 0xfd, 0x1,
    0xef, 0xff, 0xff, 0xff, 0xff, 0xf3, 0x1, 0xff,
    0xff, 0x9f, 0xfe, 0xcd, 0xff, 0xff, 0xf6, 0xbf,
    0xff, 0xcc, 0xef, 0xff, 0xff, 0xc0, 0x1f, 0xff,
    0xff, 0xe4, 0x0, 0x2, 0xcf, 0xff, 0xef, 0xf9,
    0x10, 0x0, 0x5e, 0xff, 0xff, 0x31, 0xff, 0xff,
    0xf2, 0x0, 0x0, 0x0, 0xef, 0xff, 0xfa, 0x0,
    0x0, 0x0, 0x3f, 0xff, 0xf7, 0x1f, 0xff, 0xf8,
    0x0, 0x0, 0x0, 0x7, 0xff, 0xff, 0x20, 0x0,
    0x0, 0x0, 0xdf, 0xff, 0x91, 0xff, 0xff, 0x40,
    0x0, 0x0, 0x0, 0x5f, 0xff, 0xf0, 0x0, 0x0,
    0x0, 0xa, 0xff, 0xfa, 0x1f, 0xff, 0xf3, 0x0,
    0x0, 0x0, 0x5, 0xff, 0xfe, 0x0, 0x0, 0x0,
    0x0, 0xaf, 0xff, 0xa1, 0xff, 0xff, 0x30, 0x0,
    0x0, 0x0, 0x5f, 0xff, 0xe0, 0x0, 0x0, 0x0,
    0xa, 0xff, 0xfa, 0x1f, 0xff, 0xf3, 0x0, 0x0,
    0x0, 0x5, 0xff, 0xfe, 0x0, 0x0, 0x0, 0x0,
    0xaf, 0xff, 0xa1, 0xff, 0xff, 0x30, 0x0, 0x0,
    0x0, 0x5f, 0xff, 0xe0, 0x0, 0x0, 0x0, 0xa,
    0xff, 0xfa, 0x1f, 0xff, 0xf3, 0x0, 0x0, 0x0,
    0x5, 0xff, 0xfe, 0x0, 0x0, 0x0, 0x0, 0xaf,
    0xff, 0xa1, 0xff, 0xff, 0x30, 0x0, 0x0, 0x0,
    0x5f, 0xff, 0xe0, 0x0, 0x0, 0x0, 0xa, 0xff,
    0xfa, 0x1f, 0xff, 0xf3, 0x0, 0x0, 0x0, 0x5,
    0xff, 0xfe, 0x0, 0x0, 0x0, 0x0, 0xaf, 0xff,
    0xa1, 0xff, 0xff, 0x30, 0x0, 0x0, 0x0, 0x5f,
    0xff, 0xe0, 0x0, 0x0, 0x0, 0xa, 0xff, 0xfa,
    0x1f, 0xff, 0xf3, 0x0, 0x0, 0x0, 0x5, 0xff,
    0xfe, 0x0, 0x0, 0x0, 0x0, 0xaf, 0xff, 0xa1,
    0xff, 0xff, 0x30, 0x0, 0x0, 0x0, 0x5f, 0xff,
    0xe0, 0x0, 0x0, 0x0, 0xa, 0xff, 0xfa, 0x1f,
    0xff, 0xf3, 0x0, 0x0, 0x0, 0x5, 0xff, 0xfe,
    0x0, 0x0, 0x0, 0x0, 0xaf, 0xff, 0xa1, 0xff,
    0xff, 0x30, 0x0, 0x0, 0x0, 0x5f, 0xff, 0xe0,
    0x0, 0x0, 0x0, 0xa, 0xff, 0xfa, 0x1f, 0xff,
    0xf3, 0x0, 0x0, 0x0, 0x5, 0xff, 0xfe, 0x0,
    0x0, 0x0, 0x0, 0xaf, 0xff, 0xa1, 0xff, 0xff,
    0x30, 0x0, 0x0, 0x0, 0x5f, 0xff, 0xe0, 0x0,
    0x0, 0x0, 0xa, 0xff, 0xfa,

    /* U+006E "n" */
    0x1f, 0xff, 0xf0, 0x0, 0x5b, 0xef, 0xfd, 0x82,
    0x0, 0x0, 0x1f, 0xff, 0xf0, 0x1c, 0xff, 0xff,
    0xff, 0xff, 0x70, 0x0, 0x1f, 0xff, 0xf1, 0xdf,
    0xff, 0xff, 0xff, 0xff, 0xf7, 0x0, 0x1f, 0xff,
    0xf9, 0xff, 0xfc, 0xce, 0xff, 0xff, 0xff, 0x20,
    0x1f, 0xff, 0xff, 0xf7, 0x0, 0x0, 0x3d, 0xff,
    0xff, 0x90, 0x1f, 0xff, 0xff, 0x50, 0x0, 0x0,
    0x1, 0xef, 0xff, 0xd0, 0x1f, 0xff, 0xfb, 0x0,
    0x0, 0x0, 0x0, 0x7f, 0xff, 0xf0, 0x1f, 0xff,
    0xf6, 0x0, 0x0, 0x0, 0x0, 0x3f, 0xff, 0xf2,
    0x1f, 0xff, 0xf3, 0x0, 0x0, 0x0, 0x0, 0x2f,
    0xff, 0xf2, 0x1f, 0xff, 0xf3, 0x0, 0x0, 0x0,
    0x0, 0x2f, 0xff, 0xf2, 0x1f, 0xff, 0xf3, 0x0,
    0x0, 0x0, 0x0, 0x2f, 0xff, 0xf2, 0x1f, 0xff,
    0xf3, 0x0, 0x0, 0x0, 0x0, 0x2f, 0xff, 0xf2,
    0x1f, 0xff, 0xf3, 0x0, 0x0, 0x0, 0x0, 0x2f,
    0xff, 0xf2, 0x1f, 0xff, 0xf3, 0x0, 0x0, 0x0,
    0x0, 0x2f, 0xff, 0xf2, 0x1f, 0xff, 0xf3, 0x0,
    0x0, 0x0, 0x0, 0x2f, 0xff, 0xf2, 0x1f, 0xff,
    0xf3, 0x0, 0x0, 0x0, 0x0, 0x2f, 0xff, 0xf2,
    0x1f, 0xff, 0xf3, 0x0, 0x0, 0x0, 0x0, 0x2f,
    0xff, 0xf2, 0x1f, 0xff, 0xf3, 0x0, 0x0, 0x0,
    0x0, 0x2f, 0xff, 0xf2, 0x1f, 0xff, 0xf3, 0x0,
    0x0, 0x0, 0x0, 0x2f, 0xff, 0xf2, 0x1f, 0xff,
    0xf3, 0x0, 0x0, 0x0, 0x0, 0x2f, 0xff, 0xf2,
    0x1f, 0xff, 0xf3, 0x0, 0x0, 0x0, 0x0, 0x2f,
    0xff, 0xf2, 0x1f, 0xff, 0xf3, 0x0, 0x0, 0x0,
    0x0, 0x2f, 0xff, 0xf2,

    /* U+006F "o" */
    0x0, 0x0, 0x0, 0x17, 0xbe, 0xff, 0xec, 0x72,
    0x0, 0x0, 0x0, 0x0, 0x0, 0x7, 0xff, 0xff,
    0xff, 0xff, 0xff, 0x90, 0x0, 0x0, 0x0, 0x0,
    0xbf, 0xff, 0xff, 0xff, 0xff, 0xff, 0xfd, 0x10,
    0x0, 0x0, 0xb, 0xff, 0xff, 0xfd, 0xaa, 0xcf,
    0xff, 0xff, 0xd0, 0x0, 0x0, 0x6f, 0xff, 0xfd,
    0x30, 0x0, 0x2, 0xbf, 0xff, 0xf9, 0x0, 0x0,
    0xef, 0xff, 0xd1, 0x0, 0x0, 0x0, 0xb, 0xff,
    0xff, 0x20, 0x6, 0xff, 0xff, 0x40, 0x0, 0x0,
    0x0, 0x1, 0xff, 0xff, 0x80, 0xb, 0xff, 0xfd,
    0x0, 0x0, 0x0, 0x0, 0x0, 0xaf, 0xff, 0xd0,
    0xe, 0xff, 0xf8, 0x0, 0x0, 0x0, 0x0, 0x0,
    0x5f, 0xff, 0xf1, 0xf, 0xff, 0xf5, 0x0, 0x0,
    0x0, 0x0, 0x0, 0x2f, 0xff, 0xf3, 0x1f, 0xff,
    0xf4, 0x0, 0x0, 0x0, 0x0, 0x0, 0x1f, 0xff,
    0xf4, 0x1f, 0xff, 0xf4, 0x0, 0x0, 0x0, 0x0,
    0x0, 0x1f, 0xff, 0xf4, 0xf, 0xff, 0xf5, 0x0,
    0x0, 0x0, 0x0, 0x0, 0x2f, 0xff, 0xf3, 0xe,
    0xff, 0xf8, 0x0, 0x0, 0x0, 0x0, 0x0, 0x5f,
    0xff, 0xf1, 0xb, 0xff, 0xfd, 0x0, 0x0, 0x0,
    0x0, 0x0, 0xaf, 0xff, 0xd0, 0x6, 0xff, 0xff,
    0x40, 0x0, 0x0, 0x0, 0x1, 0xff, 0xff, 0x80,
    0x0, 0xef, 0xff, 0xd1, 0x0, 0x0, 0x0, 0xb,
    0xff, 0xff, 0x20, 0x0, 0x6f, 0xff, 0xfd, 0x30,
    0x0, 0x2, 0xcf, 0xff, 0xf9, 0x0, 0x0, 0xb,
    0xff, 0xff, 0xfd, 0xaa, 0xcf, 0xff, 0xff, 0xd0,
    0x0, 0x0, 0x0, 0xbf, 0xff, 0xff, 0xff, 0xff,
    0xff, 0xfd, 0x10, 0x0, 0x0, 0x0, 0x7, 0xff,
    0xff, 0xff, 0xff, 0xff, 0x90, 0x0, 0x0, 0x0,
    0x0, 0x0, 0x17, 0xbe, 0xff, 0xec, 0x72, 0x0,
    0x0, 0x0,

    /* U+0070 "p" */
    0x1f, 0xff, 0xf1, 0x0, 0x5b, 0xef, 0xfd, 0x93,
    0x0, 0x0, 0x1, 0xff, 0xff, 0x10, 0xbf, 0xff,
    0xff, 0xff, 0xfa, 0x0, 0x0, 0x1f, 0xff, 0xf1,
    0xaf, 0xff, 0xff, 0xff, 0xff, 0xfc, 0x10, 0x1,
    0xff, 0xff, 0x8f, 0xff, 0xca, 0xbe, 0xff, 0xff,
    0xfb, 0x0, 0x1f, 0xff, 0xff, 0xfb, 0x10, 0x0,
    0x5, 0xef, 0xff, 0xf5, 0x1, 0xff, 0xff, 0xfb,
    0x0, 0x0, 0x0, 0x3, 0xff, 0xff, 0xd0, 0x1f,
    0xff, 0xff, 0x10, 0x0, 0x0, 0x0, 0x8, 0xff,
    0xff, 0x31, 0xff, 0xff, 0xa0, 0x0, 0x0, 0x0,
    0x0, 0x1f, 0xff, 0xf7, 0x1f, 0xff, 0xf5, 0x0,
    0x0, 0x0, 0x0, 0x0, 0xcf, 0xff, 0xa1, 0xff,
    0xff, 0x30, 0x0, 0x0, 0x0, 0x0, 0xa, 0xff,
    0xfc, 0x1f, 0xff, 0xf2, 0x0, 0x0, 0x0, 0x0,
    0x0, 0x9f, 0xff, 0xd1, 0xff, 0xff, 0x20, 0x0,
    0x0, 0x0, 0x0, 0x9, 0xff, 0xfd, 0x1f, 0xff,
    0xf3, 0x0, 0x0, 0x0, 0x0, 0x0, 0xaf, 0xff,
    0xc1, 0xff, 0xff, 0x60, 0x0, 0x0, 0x0, 0x0,
    0xd, 0xff, 0xfa, 0x1f, 0xff, 0xfa, 0x0, 0x0,
    0x0, 0x0, 0x1, 0xff, 0xff, 0x71, 0xff, 0xff,
    0xf2, 0x0, 0x0, 0x0, 0x0, 0x8f, 0xff, 0xf3,
    0x1f, 0xff, 0xff, 0xb0, 0x0, 0x0, 0x0, 0x3f,
    0xff, 0xfd, 0x1, 0xff, 0xff, 0xff, 0xb2, 0x0,
    0x0, 0x5f, 0xff, 0xff, 0x50, 0x1f, 0xff, 0xf9,
    0xff, 0xfc, 0xaa, 0xef, 0xff, 0xff, 0xb0, 0x1,
    0xff, 0xff, 0x3b, 0xff, 0xff, 0xff, 0xff, 0xff,
    0xc1, 0x0, 0x1f, 0xff, 0xf3, 0xb, 0xff, 0xff,
    0xff, 0xff, 0xa0, 0x0, 0x1, 0xff, 0xff, 0x30,
    0x5, 0xbe, 0xff, 0xd9, 0x30, 0x0, 0x0, 0x1f,
    0xff, 0xf3, 0x0, 0x0, 0x0, 0x0, 0x0, 0x0,
    0x0, 0x1, 0xff, 0xff, 0x30, 0x0, 0x0, 0x0,
    0x0, 0x0, 0x0, 0x0, 0x1f, 0xff, 0xf3, 0x0,
    0x0, 0x0, 0x0, 0x0, 0x0, 0x0, 0x1, 0xff,
    0xff, 0x30, 0x0, 0x0, 0x0, 0x0, 0x0, 0x0,
    0x0, 0x1f, 0xff, 0xf3, 0x0, 0x0, 0x0, 0x0,
    0x0, 0x0, 0x0, 0x1, 0xff, 0xff, 0x30, 0x0,
    0x0, 0x0, 0x0, 0x0, 0x0, 0x0, 0x1f, 0xff,
    0xf3, 0x0, 0x0, 0x0, 0x0, 0x0, 0x0, 0x0,
    0x1, 0xff, 0xff, 0x30, 0x0, 0x0, 0x0, 0x0,
    0x0, 0x0, 0x0,

    /* U+0071 "q" */
    0x0, 0x0, 0x0, 0x4a, 0xef, 0xfe, 0xa3, 0x0,
    0x5f, 0xff, 0xd0, 0x0, 0x2, 0xcf, 0xff, 0xff,
    0xff, 0xf7, 0x5, 0xff, 0xfd, 0x0, 0x3, 0xef,
    0xff, 0xff, 0xff, 0xff, 0xf6, 0x5f, 0xff, 0xd0,
    0x1, 0xef, 0xff, 0xff, 0xda, 0xad, 0xff, 0xf8,
    0xff, 0xfd, 0x0, 0xaf, 0xff, 0xfd, 0x30, 0x0,
    0x3, 0xdf, 0xff, 0xff, 0xd0, 0x2f, 0xff, 0xfd,
    0x0, 0x0, 0x0, 0x1, 0xef, 0xff, 0xfd, 0x7,
    0xff, 0xff, 0x30, 0x0, 0x0, 0x0, 0x5, 0xff,
    0xff, 0xd0, 0xcf, 0xff, 0xc0, 0x0, 0x0, 0x0,
    0x0, 0xe, 0xff, 0xfd, 0xf, 0xff, 0xf8, 0x0,
    0x0, 0x0, 0x0, 0x0, 0xaf, 0xff, 0xd1, 0xff,
    0xff, 0x50, 0x0, 0x0, 0x0, 0x0, 0x7, 0xff,
    0xfd, 0x1f, 0xff, 0xf4, 0x0, 0x0, 0x0, 0x0,
    0x0, 0x6f, 0xff, 0xd1, 0xff, 0xff, 0x40, 0x0,
    0x0, 0x0, 0x0, 0x6, 0xff, 0xfd, 0x1f, 0xff,
    0xf6, 0x0, 0x0, 0x0, 0x0, 0x0, 0x7f, 0xff,
    0xd0, 0xff, 0xff, 0x80, 0x0, 0x0, 0x0, 0x0,
    0xa, 0xff, 0xfd, 0xc, 0xff, 0xfd, 0x0, 0x0,
    0x0, 0x0, 0x0, 0xef, 0xff, 0xd0, 0x7f, 0xff,
    0xf4, 0x0, 0x0, 0x0, 0x0, 0x5f, 0xff, 0xfd,
    0x2, 0xff, 0xff, 0xd1, 0x0, 0x0, 0x0, 0x1e,
    0xff, 0xff, 0xd0, 0xa, 0xff, 0xff, 0xd3, 0x0,
    0x0, 0x3e, 0xff, 0xff, 0xfd, 0x0, 0x1e, 0xff,
    0xff, 0xfd, 0xaa, 0xdf, 0xff, 0xaf, 0xff, 0xd0,
    0x0, 0x3e, 0xff, 0xff, 0xff, 0xff, 0xff, 0x67,
    0xff, 0xfd, 0x0, 0x0, 0x2c, 0xff, 0xff, 0xff,
    0xff, 0x70, 0x7f, 0xff, 0xd0, 0x0, 0x0, 0x4,
    0xae, 0xff, 0xea, 0x30, 0x7, 0xff, 0xfd, 0x0,
    0x0, 0x0, 0x0, 0x0, 0x0, 0x0, 0x0, 0x7f,
    0xff, 0xd0, 0x0, 0x0, 0x0, 0x0, 0x0, 0x0,
    0x0, 0x7, 0xff, 0xfd, 0x0, 0x0, 0x0, 0x0,
    0x0, 0x0, 0x0, 0x0, 0x7f, 0xff, 0xd0, 0x0,
    0x0, 0x0, 0x0, 0x0, 0x0, 0x0, 0x7, 0xff,
    0xfd, 0x0, 0x0, 0x0, 0x0, 0x0, 0x0, 0x0,
    0x0, 0x7f, 0xff, 0xd0, 0x0, 0x0, 0x0, 0x0,
    0x0, 0x0, 0x0, 0x7, 0xff, 0xfd, 0x0, 0x0,
    0x0, 0x0, 0x0, 0x0, 0x0, 0x0, 0x7f, 0xff,
    0xd0, 0x0, 0x0, 0x0, 0x0, 0x0, 0x0, 0x0,
    0x7, 0xff, 0xfd,

    /* U+0072 "r" */
    0x1f, 0xff, 0xf0, 0x1, 0x8d, 0xff, 0xa1, 0xff,
    0xff, 0x4, 0xff, 0xff, 0xfa, 0x1f, 0xff, 0xf2,
    0xff, 0xff, 0xff, 0xa1, 0xff, 0xff, 0xbf, 0xff,
    0xfe, 0xfa, 0x1f, 0xff, 0xff, 0xfa, 0x30, 0x0,
    0x1, 0xff, 0xff, 0xf7, 0x0, 0x0, 0x0, 0x1f,
    0xff, 0xfb, 0x0, 0x0, 0x0, 0x1, 0xff, 0xff,
    0x50, 0x0, 0x0, 0x0, 0x1f, 0xff, 0xf3, 0x0,
    0x0, 0x0, 0x1, 0xff, 0xff, 0x30, 0x0, 0x0,
    0x0, 0x1f, 0xff, 0xf3, 0x0, 0x0, 0x0, 0x1,
    0xff, 0xff, 0x30, 0x0, 0x0, 0x0, 0x1f, 0xff,
    0xf3, 0x0, 0x0, 0x0, 0x1, 0xff, 0xff, 0x30,
    0x0, 0x0, 0x0, 0x1f, 0xff, 0xf3, 0x0, 0x0,
    0x0, 0x1, 0xff, 0xff, 0x30, 0x0, 0x0, 0x0,
    0x1f, 0xff, 0xf3, 0x0, 0x0, 0x0, 0x1, 0xff,
    0xff, 0x30, 0x0, 0x0, 0x0, 0x1f, 0xff, 0xf3,
    0x0, 0x0, 0x0, 0x1, 0xff, 0xff, 0x30, 0x0,
    0x0, 0x0, 0x1f, 0xff, 0xf3, 0x0, 0x0, 0x0,
    0x1, 0xff, 0xff, 0x30, 0x0, 0x0, 0x0,

    /* U+0073 "s" */
    0x0, 0x0, 0x2, 0x8c, 0xef, 0xfe, 0xc8, 0x20,
    0x0, 0x0, 0x0, 0x19, 0xff, 0xff, 0xff, 0xff,
    0xff, 0x80, 0x0, 0x0, 0x1d, 0xff, 0xff, 0xff,
    0xff, 0xff, 0xff, 0xb0, 0x0, 0xa, 0xff, 0xff,
    0xe9, 0x66, 0x8e, 0xff, 0xff, 0x70, 0x2, 0xff,
    0xff, 0xa0, 0x0, 0x0, 0xb, 0xff, 0xfe, 0x0,
    0x6f, 0xff, 0xf0, 0x0, 0x0, 0x0, 0xe, 0xfb,
    0x81, 0x7, 0xff, 0xfe, 0x0, 0x0, 0x0, 0x0,
    0x10, 0x0, 0x0, 0x5f, 0xff, 0xf6, 0x0, 0x0,
    0x0, 0x0, 0x0, 0x0, 0x1, 0xff, 0xff, 0xfa,
    0x41, 0x0, 0x0, 0x0, 0x0, 0x0, 0x7, 0xff,
    0xff, 0xff, 0xfd, 0x96, 0x20, 0x0, 0x0, 0x0,
    0x7, 0xff, 0xff, 0xff, 0xff, 0xff, 0xd6, 0x0,
    0x0, 0x0, 0x2, 0x9e, 0xff, 0xff, 0xff, 0xff,
    0xfd, 0x20, 0x0, 0x0, 0x0, 0x2, 0x69, 0xdf,
    0xff, 0xff, 0xfd, 0x0, 0x0, 0x0, 0x0, 0x0,
    0x0, 0x16, 0xef, 0xff, 0xf6, 0x0, 0x0, 0x0,
    0x0, 0x0, 0x0, 0x1, 0xff, 0xff, 0xa0, 0x3,
    0x69, 0x0, 0x0, 0x0, 0x0, 0xb, 0xff, 0xfb,
    0xe, 0xff, 0xf7, 0x0, 0x0, 0x0, 0x0, 0xef,
    0xff, 0xa0, 0xaf, 0xff, 0xf6, 0x0, 0x0, 0x1,
    0xaf, 0xff, 0xf5, 0x2, 0xff, 0xff, 0xfd, 0x97,
    0x8a, 0xff, 0xff, 0xfc, 0x0, 0x5, 0xff, 0xff,
    0xff, 0xff, 0xff, 0xff, 0xfd, 0x10, 0x0, 0x3,
    0xdf, 0xff, 0xff, 0xff, 0xff, 0xf9, 0x0, 0x0,
    0x0, 0x0, 0x49, 0xdf, 0xff, 0xeb, 0x72, 0x0,
    0x0,

    /* U+0074 "t" */
    0x0, 0x6, 0xff, 0xfe, 0x0, 0x0, 0x0, 0x0,
    0x6f, 0xff, 0xe0, 0x0, 0x0, 0x0, 0x6, 0xff,
    0xfe, 0x0, 0x0, 0x0, 0x0, 0x6f, 0xff, 0xe0,
    0x0, 0x0, 0x0, 0x6, 0xff, 0xfe, 0x0, 0x0,
    0x9, 0xff, 0xff, 0xff, 0xff, 0xff, 0xf3, 0x9f,
    0xff, 0xff, 0xff, 0xff, 0xff, 0x39, 0xff, 0xff,
    0xff, 0xff, 0xff, 0xf3, 0x47, 0x7b, 0xff, 0xff,
    0x77, 0x77, 0x10, 0x0, 0x6f, 0xff, 0xe0, 0x0,
    0x0, 0x0, 0x6, 0xff, 0xfe, 0x0, 0x0, 0x0,
    0x0, 0x6f, 0xff, 0xe0, 0x0, 0x0, 0x0, 0x6,
    0xff, 0xfe, 0x0, 0x0, 0x0, 0x0, 0x6f, 0xff,
    0xe0, 0x0, 0x0, 0x0, 0x6, 0xff, 0xfe, 0x0,
    0x0, 0x0, 0x0, 0x6f, 0xff, 0xe0, 0x0, 0x0,
    0x0, 0x6, 0xff, 0xfe, 0x0, 0x0, 0x0, 0x0,
    0x6f, 0xff, 0xe0, 0x0, 0x0, 0x0, 0x6, 0xff,
    0xfe, 0x0, 0x0, 0x0, 0x0, 0x6f, 0xff, 0xe0,
    0x0, 0x0, 0x0, 0x6, 0xff, 0xfe, 0x0, 0x0,
    0x0, 0x0, 0x6f, 0xff, 0xe0, 0x0, 0x0, 0x0,
    0x5, 0xff, 0xff, 0x40, 0x0, 0x0, 0x0, 0x1f,
    0xff, 0xff, 0xba, 0xc2, 0x0, 0x0, 0x9f, 0xff,
    0xff, 0xff, 0x60, 0x0, 0x0, 0xbf, 0xff, 0xff,
    0xf9, 0x0, 0x0, 0x0, 0x5b, 0xef, 0xfd, 0x80,

    /* U+0075 "u" */
    0x1f, 0xff, 0xf3, 0x0, 0x0, 0x0, 0x0, 0x2f,
    0xff, 0xf2, 0x1f, 0xff, 0xf3, 0x0, 0x0, 0x0,
    0x0, 0x2f, 0xff, 0xf2, 0x1f, 0xff, 0xf3, 0x0,
    0x0, 0x0, 0x0, 0x2f, 0xff, 0xf2, 0x1f, 0xff,
    0xf3, 0x0, 0x0, 0x0, 0x0, 0x2f, 0xff, 0xf2,
    0x1f, 0xff, 0xf3, 0x0, 0x0, 0x0, 0x0, 0x2f,
    0xff, 0xf2, 0x1f, 0xff, 0xf3, 0x0, 0x0, 0x0,
    0x0, 0x2f, 0xff, 0xf2, 0x1f, 0xff, 0xf3, 0x0,
    0x0, 0x0, 0x0, 0x2f, 0xff, 0xf2, 0x1f, 0xff,
    0xf3, 0x0, 0x0, 0x0, 0x0, 0x2f, 0xff, 0xf2,
    0x1f, 0xff, 0xf3, 0x0, 0x0, 0x0, 0x0, 0x2f,
    0xff, 0xf2, 0x1f, 0xff, 0xf3, 0x0, 0x0, 0x0,
    0x0, 0x2f, 0xff, 0xf2, 0x1f, 0xff, 0xf3, 0x0,
    0x0, 0x0, 0x0, 0x2f, 0xff, 0xf2, 0x1f, 0xff,
    0xf3, 0x0, 0x0, 0x0, 0x0, 0x2f, 0xff, 0xf2,
    0x1f, 0xff, 0xf3, 0x0, 0x0, 0x0, 0x0, 0x2f,
    0xff, 0xf2, 0x1f, 0xff, 0xf3, 0x0, 0x0, 0x0,
    0x0, 0x2f, 0xff, 0xf2, 0x1f, 0xff, 0xf4, 0x0,
    0x0, 0x0, 0x0, 0x5f, 0xff, 0xf2, 0xf, 0xff,
    0xf8, 0x0, 0x0, 0x0, 0x0, 0xaf, 0xff, 0xf2,
    0xd, 0xff, 0xff, 0x20, 0x0, 0x0, 0x4, 0xff,
    0xff, 0xf2, 0x8, 0xff, 0xff, 0xe4, 0x0, 0x0,
    0x6f, 0xff, 0xff, 0xf2, 0x1, 0xff, 0xff, 0xff,
    0xeb, 0xcf, 0xff, 0xaf, 0xff, 0xf2, 0x0, 0x6f,
    0xff, 0xff, 0xff, 0xff, 0xfe, 0x1f, 0xff, 0xf2,
    0x0, 0x6, 0xff, 0xff, 0xff, 0xff, 0xd2, 0xe,
    0xff, 0xf2, 0x0, 0x0, 0x18, 0xcf, 0xfe, 0xb6,
    0x0, 0xe, 0xff, 0xf2,

    /* U+0076 "v" */
    0xe, 0xff, 0xfb, 0x0, 0x0, 0x0, 0x0, 0x0,
    0xb, 0xff, 0xfe, 0x0, 0x8f, 0xff, 0xf1, 0x0,
    0x0, 0x0, 0x0, 0x1, 0xff, 0xff, 0x80, 0x2,
    0xff, 0xff, 0x60, 0x0, 0x0, 0x0, 0x0, 0x6f,
    0xff, 0xf2, 0x0, 0xc, 0xff, 0xfc, 0x0, 0x0,
    0x0, 0x0, 0xb, 0xff, 0xfc, 0x0, 0x0, 0x6f,
    0xff, 0xf1, 0x0, 0x0, 0x0, 0x1, 0xff, 0xff,
    0x60, 0x0, 0x1, 0xff, 0xff, 0x70, 0x0, 0x0,
    0x0, 0x6f, 0xff, 0xf0, 0x0, 0x0, 0xa, 0xff,
    0xfc, 0x0, 0x0, 0x0, 0xc, 0xff, 0xfa, 0x0,
    0x0, 0x0, 0x4f, 0xff, 0xf2, 0x0, 0x0, 0x2,
    0xff, 0xff, 0x40, 0x0, 0x0, 0x0, 0xef, 0xff,
    0x70, 0x0, 0x0, 0x7f, 0xff, 0xe0, 0x0, 0x0,
    0x0, 0x8, 0xff, 0xfd, 0x0, 0x0, 0xd, 0xff,
    0xf8, 0x0, 0x0, 0x0, 0x0, 0x2f, 0xff, 0xf2,
    0x0, 0x2, 0xff, 0xff, 0x20, 0x0, 0x0, 0x0,
    0x0, 0xcf, 0xff, 0x80, 0x0, 0x8f, 0xff, 0xc0,
    0x0, 0x0, 0x0, 0x0, 0x6, 0xff, 0xfd, 0x0,
    0xd, 0xff, 0xf6, 0x0, 0x0, 0x0, 0x0, 0x0,
    0x1f, 0xff, 0xf2, 0x2, 0xff, 0xff, 0x0, 0x0,
    0x0, 0x0, 0x0, 0x0, 0xaf, 0xff, 0x80, 0x7f,
    0xff, 0xa0, 0x0, 0x0, 0x0, 0x0, 0x0, 0x4,
    0xff, 0xfc, 0xc, 0xff, 0xf4, 0x0, 0x0, 0x0,
    0x0, 0x0, 0x0, 0xe, 0xff, 0xf2, 0xff, 0xfe,
    0x0, 0x0, 0x0, 0x0, 0x0, 0x0, 0x0, 0x8f,
    0xff, 0xaf, 0xff, 0x80, 0x0, 0x0, 0x0, 0x0,
    0x0, 0x0, 0x2, 0xff, 0xff, 0xff, 0xf2, 0x0,
    0x0, 0x0, 0x0, 0x0, 0x0, 0x0, 0xc, 0xff,
    0xff, 0xfc, 0x0, 0x0, 0x0, 0x0, 0x0, 0x0,
    0x0, 0x0, 0x6f, 0xff, 0xff, 0x60, 0x0, 0x0,
    0x0, 0x0, 0x0, 0x0, 0x0, 0x1, 0xff, 0xff,
    0xf0, 0x0, 0x0, 0x0, 0x0,

    /* U+0077 "w" */
    0xbf, 0xff, 0xc0, 0x0, 0x0, 0x0, 0xa, 0xff,
    0xfe, 0x0, 0x0, 0x0, 0x0, 0xaf, 0xff, 0xe0,
    0x7f, 0xff, 0xf0, 0x0, 0x0, 0x0, 0xe, 0xff,
    0xff, 0x20, 0x0, 0x0, 0x0, 0xef, 0xff, 0x90,
    0x2f, 0xff, 0xf4, 0x0, 0x0, 0x0, 0x3f, 0xff,
    0xff, 0x60, 0x0, 0x0, 0x2, 0xff, 0xff, 0x40,
    0xd, 0xff, 0xf9, 0x0, 0x0, 0x0, 0x7f, 0xff,
    0xff, 0xa0, 0x0, 0x0, 0x7, 0xff, 0xff, 0x0,
    0x8, 0xff, 0xfd, 0x0, 0x0, 0x0, 0xbf, 0xff,
    0xff, 0xe0, 0x0, 0x0, 0xb, 0xff, 0xfb, 0x0,
    0x4, 0xff, 0xff, 0x10, 0x0, 0x0, 0xff, 0xfb,
    0xff, 0xf2, 0x0, 0x0, 0xf, 0xff, 0xf6, 0x0,
    0x0, 0xff, 0xff, 0x50, 0x0, 0x4, 0xff, 0xf4,
    0xff, 0xf7, 0x0, 0x0, 0x3f, 0xff, 0xf1, 0x0,
    0x0, 0xaf, 0xff, 0x90, 0x0, 0x8, 0xff, 0xf0,
    0xdf, 0xfb, 0x0, 0x0, 0x8f, 0xff, 0xc0, 0x0,
    0x0, 0x5f, 0xff, 0xe0, 0x0, 0xc, 0xff, 0xb0,
    0x9f, 0xff, 0x0, 0x0, 0xcf, 0xff, 0x80, 0x0,
    0x0, 0x1f, 0xff, 0xf2, 0x0, 0xf, 0xff, 0x80,
    0x5f, 0xff, 0x30, 0x0, 0xff, 0xff, 0x30, 0x0,
    0x0, 0xc, 0xff, 0xf6, 0x0, 0x4f, 0xff, 0x30,
    0x1f, 0xff, 0x70, 0x4, 0xff, 0xfe, 0x0, 0x0,
    0x0, 0x7, 0xff, 0xfa, 0x0, 0x8f, 0xff, 0x0,
    0xd, 0xff, 0xb0, 0x8, 0xff, 0xf9, 0x0, 0x0,
    0x0, 0x2, 0xff, 0xfe, 0x0, 0xcf, 0xfb, 0x0,
    0x8, 0xff, 0xf0, 0xc, 0xff, 0xf4, 0x0, 0x0,
    0x0, 0x0, 0xdf, 0xff, 0x20, 0xff, 0xf6, 0x0,
    0x4, 0xff, 0xf3, 0xf, 0xff, 0xf0, 0x0, 0x0,
    0x0, 0x0, 0x9f, 0xff, 0x54, 0xff, 0xf2, 0x0,
    0x0, 0xff, 0xf6, 0x3f, 0xff, 0xb0, 0x0, 0x0,
    0x0, 0x0, 0x4f, 0xff, 0x97, 0xff, 0xd0, 0x0,
    0x0, 0xbf, 0xfa, 0x7f, 0xff, 0x60, 0x0, 0x0,
    0x0, 0x0, 0xf, 0xff, 0xcb, 0xff, 0x90, 0x0,
    0x0, 0x6f, 0xfd, 0xaf, 0xff, 0x10, 0x0, 0x0,
    0x0, 0x0, 0xa, 0xff, 0xfe, 0xff, 0x40, 0x0,
    0x0, 0x2f, 0xff, 0xef, 0xfd, 0x0, 0x0, 0x0,
    0x0, 0x0, 0x5, 0xff, 0xff, 0xff, 0x0, 0x0,
    0x0, 0xd, 0xff, 0xff, 0xf8, 0x0, 0x0, 0x0,
    0x0, 0x0, 0x1, 0xff, 0xff, 0xfb, 0x0, 0x0,
    0x0, 0x8, 0xff, 0xff, 0xf3, 0x0, 0x0, 0x0,
    0x0, 0x0, 0x0, 0xcf, 0xff, 0xf6, 0x0, 0x0,
    0x0, 0x4, 0xff, 0xff, 0xe0, 0x0, 0x0, 0x0,
    0x0, 0x0, 0x0, 0x7f, 0xff, 0xf2, 0x0, 0x0,
    0x0, 0x0, 0xff, 0xff, 0x90, 0x0, 0x0, 0x0,

    /* U+0078 "x" */
    0x2f, 0xff, 0xfb, 0x0, 0x0, 0x0, 0x0, 0x3f,
    0xff, 0xf8, 0x0, 0x7f, 0xff, 0xf5, 0x0, 0x0,
    0x0, 0xd, 0xff, 0xfd, 0x0, 0x0, 0xcf, 0xff,
    0xe0, 0x0, 0x0, 0x7, 0xff, 0xff, 0x30, 0x0,
    0x2, 0xff, 0xff, 0x90, 0x0, 0x2, 0xff, 0xff,
    0x80, 0x0, 0x0, 0x7, 0xff, 0xff, 0x20, 0x0,
    0xbf, 0xff, 0xd0, 0x0, 0x0, 0x0, 0xd, 0xff,
    0xfb, 0x0, 0x5f, 0xff, 0xf3, 0x0, 0x0, 0x0,
    0x0, 0x3f, 0xff, 0xf4, 0xd, 0xff, 0xf9, 0x0,
    0x0, 0x0, 0x0, 0x0, 0x8f, 0xff, 0xd5, 0xff,
    0xfe, 0x0, 0x0, 0x0, 0x0, 0x0, 0x0, 0xdf,
    0xff, 0xff, 0xff, 0x40, 0x0, 0x0, 0x0, 0x0,
    0x0, 0x3, 0xff, 0xff, 0xff, 0x90, 0x0, 0x0,
    0x0, 0x0, 0x0, 0x0, 0xa, 0xff, 0xff, 0xe1,
    0x0, 0x0, 0x0, 0x0, 0x0, 0x0, 0x0, 0xef,
    0xff, 0xff, 0x20, 0x0, 0x0, 0x0, 0x0, 0x0,
    0x0, 0x9f, 0xff, 0xff, 0xfc, 0x0, 0x0, 0x0,
    0x0, 0x0, 0x0, 0x4f, 0xff, 0xec, 0xff, 0xf7,
    0x0, 0x0, 0x0, 0x0, 0x0, 0xe, 0xff, 0xf7,
    0x3f, 0xff, 0xf2, 0x0, 0x0, 0x0, 0x0, 0x9,
    0xff, 0xfe, 0x0, 0xaf, 0xff, 0xc0, 0x0, 0x0,
    0x0, 0x4, 0xff, 0xff, 0x50, 0x1, 0xff, 0xff,
    0x70, 0x0, 0x0, 0x0, 0xdf, 0xff, 0xb0, 0x0,
    0x7, 0xff, 0xff, 0x20, 0x0, 0x0, 0x9f, 0xff,
    0xf2, 0x0, 0x0, 0xd, 0xff, 0xfd, 0x0, 0x0,
    0x3f, 0xff, 0xf7, 0x0, 0x0, 0x0, 0x3f, 0xff,
    0xf8, 0x0, 0xd, 0xff, 0xfd, 0x0, 0x0, 0x0,
    0x0, 0x9f, 0xff, 0xf3, 0x9, 0xff, 0xff, 0x30,
    0x0, 0x0, 0x0, 0x1, 0xef, 0xff, 0xd0,

    /* U+0079 "y" */
    0xe, 0xff, 0xfb, 0x0, 0x0, 0x0, 0x0, 0x0,
    0xa, 0xff, 0xfe, 0x0, 0x8f, 0xff, 0xf1, 0x0,
    0x0, 0x0, 0x0, 0x1, 0xff, 0xff, 0x80, 0x2,
    0xff, 0xff, 0x60, 0x0, 0x0, 0x0, 0x0, 0x6f,
    0xff, 0xf2, 0x0, 0xc, 0xff, 0xfc, 0x0, 0x0,
    0x0, 0x0, 0xb, 0xff, 0xfc, 0x0, 0x0, 0x6f,
    0xff, 0xf2, 0x0, 0x0, 0x0, 0x1, 0xff, 0xff,
    0x60, 0x0, 0x0, 0xff, 0xff, 0x70, 0x0, 0x0,
    0x0, 0x7f, 0xff, 0xf0, 0x0, 0x0, 0xa, 0xff,
    0xfd, 0x0, 0x0, 0x0, 0xd, 0xff, 0xf9, 0x0,
    0x0, 0x0, 0x3f, 0xff, 0xf2, 0x0, 0x0, 0x2,
    0xff, 0xff, 0x30, 0x0, 0x0, 0x0, 0xdf, 0xff,
    0x80, 0x0, 0x0, 0x8f, 0xff, 0xd0, 0x0, 0x0,
    0x0, 0x7, 0xff, 0xfd, 0x0, 0x0, 0xe, 0xff,
    0xf7, 0x0, 0x0, 0x0, 0x0, 0x1f, 0xff, 0xf3,
    0x0, 0x3, 0xff, 0xff, 0x10, 0x0, 0x0, 0x0,
    0x0, 0xbf, 0xff, 0x90, 0x0, 0x9f, 0xff, 0xb0,
    0x0, 0x0, 0x0, 0x0, 0x5, 0xff, 0xfe, 0x0,
    0xe, 0xff, 0xf5, 0x0, 0x0, 0x0, 0x0, 0x0,
    0xf, 0xff, 0xf4, 0x4, 0xff, 0xfe, 0x0, 0x0,
    0x0, 0x0, 0x0, 0x0, 0x9f, 0xff, 0x90, 0x9f,
    0xff, 0x80, 0x0, 0x0, 0x0, 0x0, 0x0, 0x3,
    0xff, 0xfd, 0xe, 0xff, 0xf2, 0x0, 0x0, 0x0,
    0x0, 0x0, 0x0, 0xd, 0xff, 0xf3, 0xff, 0xfc,
    0x0, 0x0, 0x0, 0x0, 0x0, 0x0, 0x0, 0x7f,
    0xff, 0xcf, 0xff, 0x60, 0x0, 0x0, 0x0, 0x0,
    0x0, 0x0, 0x1, 0xff, 0xff, 0xff, 0xf0, 0x0,
    0x0, 0x0, 0x0, 0x0, 0x0, 0x0, 0xa, 0xff,
    0xff, 0xfa, 0x0, 0x0, 0x0, 0x0, 0x0, 0x0,
    0x0, 0x0, 0x4f, 0xff, 0xff, 0x40, 0x0, 0x0,
    0x0, 0x0, 0x0, 0x0, 0x0, 0x0, 0xef, 0xff,
    0xd0, 0x0, 0x0, 0x0, 0x0, 0x0, 0x0, 0x0,
    0x0, 0xf, 0xff, 0xf7, 0x0, 0x0, 0x0, 0x0,
    0x0, 0x0, 0x0, 0x0, 0x4, 0xff, 0xff, 0x10,
    0x0, 0x0, 0x0, 0x0, 0x0, 0x0, 0x0, 0x0,
    0xaf, 0xff, 0xb0, 0x0, 0x0, 0x0, 0x0, 0x0,
    0x0, 0x0, 0x0, 0x5f, 0xff, 0xf4, 0x0, 0x0,
    0x0, 0x0, 0x0, 0x0, 0x7, 0xba, 0xcf, 0xff,
    0xfc, 0x0, 0x0, 0x0, 0x0, 0x0, 0x0, 0x0,
    0xcf, 0xff, 0xff, 0xff, 0x20, 0x0, 0x0, 0x0,
    0x0, 0x0, 0x0, 0x1f, 0xff, 0xff, 0xfe, 0x30,
    0x0, 0x0, 0x0, 0x0, 0x0, 0x0, 0x3, 0xce,
    0xff, 0xc7, 0x0, 0x0, 0x0, 0x0, 0x0, 0x0,
    0x0,

    /* U+007A "z" */
    0x3f, 0xff, 0xff, 0xff, 0xff, 0xff, 0xff, 0xff,
    0xf8, 0x3f, 0xff, 0xff, 0xff, 0xff, 0xff, 0xff,
    0xff, 0xf8, 0x3f, 0xff, 0xff, 0xff, 0xff, 0xff,
    0xff, 0xff, 0xf8, 0x2d, 0xdd, 0xdd, 0xdd, 0xdd,
    0xdd, 0xff, 0xff, 0xf4, 0x0, 0x0, 0x0, 0x0,
    0x0, 0x5, 0xff, 0xff, 0x80, 0x0, 0x0, 0x0,
    0x0, 0x0, 0x2f, 0xff, 0xfc, 0x0, 0x0, 0x0,
    0x0, 0x0, 0x0, 0xdf, 0xff, 0xe1, 0x0, 0x0,
    0x0, 0x0, 0x0, 0xa, 0xff, 0xff, 0x40, 0x0,
    0x0, 0x0, 0x0, 0x0, 0x6f, 0xff, 0xf8, 0x0,
    0x0, 0x0, 0x0, 0x0, 0x3, 0xff, 0xff, 0xc0,
    0x0, 0x0, 0x0, 0x0, 0x0, 0x1e, 0xff, 0xfe,
    0x10, 0x0, 0x0, 0x0, 0x0, 0x0, 0xbf, 0xff,
    0xf4, 0x0, 0x0, 0x0, 0x0, 0x0, 0x8, 0xff,
    0xff, 0x80, 0x0, 0x0, 0x0, 0x0, 0x0, 0x4f,
    0xff, 0xfc, 0x0, 0x0, 0x0, 0x0, 0x0, 0x1,
    0xef, 0xff, 0xe1, 0x0, 0x0, 0x0, 0x0, 0x0,
    0xc, 0xff, 0xff, 0x40, 0x0, 0x0, 0x0, 0x0,
    0x0, 0x9f, 0xff, 0xf8, 0x0, 0x0, 0x0, 0x0,
    0x0, 0x5, 0xff, 0xff, 0xb0, 0x0, 0x0, 0x0,
    0x0, 0x0, 0x2f, 0xff, 0xff, 0xed, 0xdd, 0xdd,
    0xdd, 0xdd, 0xdc, 0x9f, 0xff, 0xff, 0xff, 0xff,
    0xff, 0xff, 0xff, 0xff, 0x9f, 0xff, 0xff, 0xff,
    0xff, 0xff, 0xff, 0xff, 0xff, 0x9f, 0xff, 0xff,
    0xff, 0xff, 0xff, 0xff, 0xff, 0xff,

    /* U+007B "{" */
    0x0, 0x0, 0x0, 0x0, 0x38, 0xce, 0xf5, 0x0,
    0x0, 0x0, 0x9, 0xff, 0xff, 0xf5, 0x0, 0x0,
    0x0, 0xaf, 0xff, 0xff, 0xf5, 0x0, 0x0, 0x3,
    0xff, 0xff, 0xf9, 0x72, 0x0, 0x0, 0x8, 0xff,
    0xfd, 0x10, 0x0, 0x0, 0x0, 0xc, 0xff, 0xf6,
    0x0, 0x0, 0x0, 0x0, 0xe, 0xff, 0xf2, 0x0,
    0x0, 0x0, 0x0, 0xe, 0xff, 0xf1, 0x0, 0x0,
    0x0, 0x0, 0xe, 0xff, 0xf1, 0x0, 0x0, 0x0,
    0x0, 0xe, 0xff, 0xf1, 0x0, 0x0, 0x0, 0x0,
    0xe, 0xff, 0xf1, 0x0, 0x0, 0x0, 0x0, 0xe,
    0xff, 0xf1, 0x0, 0x0, 0x0, 0x0, 0xf, 0xff,
    0xf0, 0x0, 0x0, 0x0, 0x0, 0x2f, 0xff, 0xf0,
    0x0, 0x0, 0x0, 0x0, 0x8f, 0xff, 0xc0, 0x0,
    0x0, 0x3, 0x49, 0xff, 0xff, 0x40, 0x0, 0x0,
    0x4f, 0xff, 0xff, 0xc3, 0x0, 0x0, 0x0, 0x4f,
    0xff, 0xf4, 0x0, 0x0, 0x0, 0x0, 0x4f, 0xff,
    0xff, 0xb2, 0x0, 0x0, 0x0, 0x4f, 0xff, 0xff,
    0xff, 0x20, 0x0, 0x0, 0x0, 0x28, 0xff, 0xff,
    0xa0, 0x0, 0x0, 0x0, 0x0, 0x8f, 0xff, 0xf0,
    0x0, 0x0, 0x0, 0x0, 0x1f, 0xff, 0xf0, 0x0,
    0x0, 0x0, 0x0, 0xf, 0xff, 0xf1, 0x0, 0x0,
    0x0, 0x0, 0xe, 0xff, 0xf1, 0x0, 0x0, 0x0,
    0x0, 0xe, 0xff, 0xf1, 0x0, 0x0, 0x0, 0x0,
    0xe, 0xff, 0xf1, 0x0, 0x0, 0x0, 0x0, 0xe,
    0xff, 0xf1, 0x0, 0x0, 0x0, 0x0, 0xe, 0xff,
    0xf1, 0x0, 0x0, 0x0, 0x0, 0xe, 0xff, 0xf3,
    0x0, 0x0, 0x0, 0x0, 0xc, 0xff, 0xf7, 0x0,
    0x0, 0x0, 0x0, 0x8, 0xff, 0xfe, 0x20, 0x0,
    0x0, 0x0, 0x3, 0xff, 0xff, 0xfa, 0x72, 0x0,
    0x0, 0x0, 0xaf, 0xff, 0xff, 0xf5, 0x0, 0x0,
    0x0, 0xa, 0xff, 0xff, 0xf5, 0x0, 0x0, 0x0,
    0x0, 0x38, 0xce, 0xf5,

    /* U+007C "|" */
    0x8, 0x88, 0x60, 0xff, 0xfd, 0xf, 0xff, 0xd0,
    0xff, 0xfd, 0xf, 0xff, 0xd0, 0xff, 0xfd, 0xf,
    0xff, 0xd0, 0xff, 0xfd, 0xf, 0xff, 0xd0, 0xff,
    0xfd, 0xf, 0xff, 0xd0, 0xff, 0xfd, 0xf, 0xff,
    0xd0, 0xff, 0xfd, 0xf, 0xff, 0xd0, 0xff, 0xfd,
    0xf, 0xff, 0xd0, 0xff, 0xfd, 0xf, 0xff, 0xd0,
    0xff, 0xfd, 0xf, 0xff, 0xd0, 0xff, 0xfd, 0xf,
    0xff, 0xd0, 0xff, 0xfd, 0xf, 0xff, 0xd0, 0xff,
    0xfd, 0xf, 0xff, 0xd0, 0xff, 0xfd, 0xf, 0xff,
    0xd0, 0xff, 0xfd, 0xf, 0xff, 0xd0, 0xff, 0xfd,
    0xf, 0xff, 0xd0, 0xff, 0xfd, 0xf, 0xff, 0xd0,
    0xff, 0xfd, 0xf, 0xff, 0xd0, 0xff, 0xfd, 0xf,
    0xff, 0xd0, 0xff, 0xfd, 0xf, 0xff, 0xd0, 0xff,
    0xfd, 0xf, 0xff, 0xd0, 0xff, 0xfd, 0xf, 0xff,
    0xd0, 0xff, 0xfd, 0xf, 0xff, 0xd0, 0xff, 0xfd,

    /* U+007D "}" */
    0xbf, 0xdb, 0x61, 0x0, 0x0, 0x0, 0xb, 0xff,
    0xff, 0xe5, 0x0, 0x0, 0x0, 0xbf, 0xff, 0xff,
    0xf4, 0x0, 0x0, 0x4, 0x7b, 0xff, 0xff, 0xd0,
    0x0, 0x0, 0x0, 0x5, 0xff, 0xff, 0x20, 0x0,
    0x0, 0x0, 0xc, 0xff, 0xf6, 0x0, 0x0, 0x0,
    0x0, 0x8f, 0xff, 0x70, 0x0, 0x0, 0x0, 0x6,
    0xff, 0xf8, 0x0, 0x0, 0x0, 0x0, 0x6f, 0xff,
    0x80, 0x0, 0x0, 0x0, 0x6, 0xff, 0xf8, 0x0,
    0x0, 0x0, 0x0, 0x6f, 0xff, 0x80, 0x0, 0x0,
    0x0, 0x6, 0xff, 0xf8, 0x0, 0x0, 0x0, 0x0,
    0x6f, 0xff, 0x90, 0x0, 0x0, 0x0, 0x5, 0xff,
    0xfb, 0x0, 0x0, 0x0, 0x0, 0x2f, 0xff, 0xf3,
    0x0, 0x0, 0x0, 0x0, 0x9f, 0xff, 0xe7, 0x42,
    0x0, 0x0, 0x0, 0x7e, 0xff, 0xff, 0xe0, 0x0,
    0x0, 0x0, 0x8, 0xff, 0xfe, 0x0, 0x0, 0x0,
    0x6e, 0xff, 0xff, 0xe0, 0x0, 0x0, 0x7f, 0xff,
    0xff, 0xfe, 0x0, 0x0, 0x1f, 0xff, 0xfe, 0x51,
    0x0, 0x0, 0x5, 0xff, 0xff, 0x20, 0x0, 0x0,
    0x0, 0x6f, 0xff, 0xb0, 0x0, 0x0, 0x0, 0x6,
    0xff, 0xf9, 0x0, 0x0, 0x0, 0x0, 0x6f, 0xff,
    0x80, 0x0, 0x0, 0x0, 0x6, 0xff, 0xf8, 0x0,
    0x0, 0x0, 0x0, 0x6f, 0xff, 0x80, 0x0, 0x0,
    0x0, 0x6, 0xff, 0xf8, 0x0, 0x0, 0x0, 0x0,
    0x7f, 0xff, 0x80, 0x0, 0x0, 0x0, 0x8, 0xff,
    0xf7, 0x0, 0x0, 0x0, 0x0, 0xcf, 0xff, 0x50,
    0x0, 0x0, 0x0, 0x6f, 0xff, 0xf2, 0x0, 0x0,
    0x48, 0xcf, 0xff, 0xfd, 0x0, 0x0, 0xb, 0xff,
    0xff, 0xff, 0x40, 0x0, 0x0, 0xbf, 0xff, 0xfe,
    0x50, 0x0, 0x0, 0xb, 0xfd, 0xb6, 0x10, 0x0,
    0x0, 0x0,

    /* U+007E "~" */
    0x0, 0x6, 0xcf, 0xfc, 0x70, 0x0, 0x0, 0x0,
    0x4, 0x44, 0x20, 0x1c, 0xff, 0xff, 0xff, 0xd2,
    0x0, 0x0, 0x3, 0xff, 0xf7, 0xa, 0xff, 0xff,
    0xff, 0xff, 0xf4, 0x0, 0x0, 0x6f, 0xff, 0x63,
    0xff, 0xff, 0xec, 0xff, 0xff, 0xf7, 0x0, 0x1e,
    0xff, 0xf3, 0x8f, 0xff, 0xa0, 0x1, 0xbf, 0xff,
    0xfe, 0xcf, 0xff, 0xfd, 0xb, 0xff, 0xf1, 0x0,
    0x0, 0x9f, 0xff, 0xff, 0xff, 0xff, 0x50, 0xcf,
    0xfe, 0x0, 0x0, 0x0, 0x6f, 0xff, 0xff, 0xff,
    0x80, 0x3, 0x44, 0x30, 0x0, 0x0, 0x0, 0x19,
    0xef, 0xeb, 0x40, 0x0,

    /* U+2019 "’" */
    0x0, 0x55, 0x55, 0x20, 0x3f, 0xff, 0xf4, 0x6,
    0xff, 0xff, 0x0, 0x8f, 0xff, 0xb0, 0xb, 0xff,
    0xf6, 0x0, 0xdf, 0xff, 0x20, 0xf, 0xff, 0xd0,
    0x2, 0xff, 0xf9, 0x0, 0x4f, 0xff, 0x40, 0x7,
    0xff, 0xf0, 0x0, 0x9f, 0xfb, 0x0, 0xc, 0xff,
    0x70, 0x0
};


/*---------------------
 *  GLYPH DESCRIPTION
 *--------------------*/

static const lv_font_fmt_txt_glyph_dsc_t glyph_dsc[] = {
    {.bitmap_index = 0, .adv_w = 0, .box_w = 0, .box_h = 0, .ofs_x = 0, .ofs_y = 0} /* id = 0 reserved */,
    {.bitmap_index = 0, .adv_w = 171, .box_w = 0, .box_h = 0, .ofs_x = 0, .ofs_y = 0},
    {.bitmap_index = 0, .adv_w = 195, .box_w = 6, .box_h = 29, .ofs_x = 3, .ofs_y = 0},
    {.bitmap_index = 87, .adv_w = 316, .box_w = 12, .box_h = 12, .ofs_x = 4, .ofs_y = 17},
    {.bitmap_index = 159, .adv_w = 409, .box_w = 25, .box_h = 29, .ofs_x = 0, .ofs_y = 0},
    {.bitmap_index = 522, .adv_w = 413, .box_w = 22, .box_h = 38, .ofs_x = 2, .ofs_y = -4},
    {.bitmap_index = 940, .adv_w = 636, .box_w = 32, .box_h = 29, .ofs_x = 4, .ofs_y = 0},
    {.bitmap_index = 1404, .adv_w = 418, .box_w = 25, .box_h = 29, .ofs_x = 1, .ofs_y = 0},
    {.bitmap_index = 1767, .adv_w = 200, .box_w = 5, .box_h = 12, .ofs_x = 4, .ofs_y = 17},
    {.bitmap_index = 1797, .adv_w = 236, .box_w = 11, .box_h = 37, .ofs_x = 3, .ofs_y = -5},
    {.bitmap_index = 2001, .adv_w = 236, .box_w = 10, .box_h = 37, .ofs_x = 1, .ofs_y = -5},
    {.bitmap_index = 2186, .adv_w = 333, .box_w = 17, .box_h = 17, .ofs_x = 2, .ofs_y = 12},
    {.bitmap_index = 2331, .adv_w = 427, .box_w = 20, .box_h = 20, .ofs_x = 3, .ofs_y = 2},
    {.bitmap_index = 2531, .adv_w = 194, .box_w = 7, .box_h = 12, .ofs_x = 2, .ofs_y = -7},
    {.bitmap_index = 2573, .adv_w = 296, .box_w = 14, .box_h = 4, .ofs_x = 2, .ofs_y = 10},
    {.bitmap_index = 2601, .adv_w = 194, .box_w = 6, .box_h = 6, .ofs_x = 3, .ofs_y = 0},
    {.bitmap_index = 2619, .adv_w = 237, .box_w = 14, .box_h = 35, .ofs_x = 0, .ofs_y = -4},
    {.bitmap_index = 2864, .adv_w = 413, .box_w = 22, .box_h = 29, .ofs_x = 2, .ofs_y = 0},
    {.bitmap_index = 3183, .adv_w = 266, .box_w = 13, .box_h = 29, .ofs_x = 1, .ofs_y = 0},
    {.bitmap_index = 3372, .adv_w = 394, .box_w = 21, .box_h = 29, .ofs_x = 2, .ofs_y = 0},
    {.bitmap_index = 3677, .adv_w = 401, .box_w = 21, .box_h = 29, .ofs_x = 2, .ofs_y = 0},
    {.bitmap_index = 3982, .adv_w = 420, .box_w = 23, .box_h = 29, .ofs_x = 2, .ofs_y = 0},
    {.bitmap_index = 4316, .adv_w = 386, .box_w = 20, .box_h = 29, .ofs_x = 2, .ofs_y = 0},
    {.bitmap_index = 4606, .adv_w = 403, .box_w = 22, .box_h = 29, .ofs_x = 2, .ofs_y = 0},
    {.bitmap_index = 4925, .adv_w = 366, .box_w = 21, .box_h = 29, .ofs_x = 1, .ofs_y = 0},
    {.bitmap_index = 5230, .adv_w = 403, .box_w = 21, .box_h = 29, .ofs_x = 2, .ofs_y = 0},
    {.bitmap_index = 5535, .adv_w = 403, .box_w = 22, .box_h = 29, .ofs_x = 2, .ofs_y = 0},
    {.bitmap_index = 5854, .adv_w = 194, .box_w = 6, .box_h = 21, .ofs_x = 3, .ofs_y = 0},
    {.bitmap_index = 5917, .adv_w = 202, .box_w = 8, .box_h = 28, .ofs_x = 2, .ofs_y = -7},
    {.bitmap_index = 6029, .adv_w = 427, .box_w = 20, .box_h = 23, .ofs_x = 3, .ofs_y = 0},
    {.bitmap_index = 6259, .adv_w = 427, .box_w = 19, .box_h = 13, .ofs_x = 4, .ofs_y = 5},
    {.bitmap_index = 6383, .adv_w = 427, .box_w = 20, .box_h = 23, .ofs_x = 4, .ofs_y = 0},
    {.bitmap_index = 6613, .adv_w = 338, .box_w = 19, .box_h = 29, .ofs_x = 1, .ofs_y = 0},
    {.bitmap_index = 6889, .adv_w = 629, .box_w = 36, .box_h = 36, .ofs_x = 2, .ofs_y = -8},
    {.bitmap_index = 7537, .adv_w = 454, .box_w = 27, .box_h = 29, .ofs_x = 1, .ofs_y = 0},
    {.bitmap_index = 7929, .adv_w = 420, .box_w = 22, .box_h = 29, .ofs_x = 3, .ofs_y = 0},
    {.bitmap_index = 8248, .adv_w = 469, .box_w = 26, .box_h = 29, .ofs_x = 2, .ofs_y = 0},
    {.bitmap_index = 8625, .adv_w = 462, .box_w = 24, .box_h = 29, .ofs_x = 3, .ofs_y = 0},
    {.bitmap_index = 8973, .adv_w = 386, .box_w = 19, .box_h = 29, .ofs_x = 3, .ofs_y = 0},
    {.bitmap_index = 9249, .adv_w = 377, .box_w = 19, .box_h = 29, .ofs_x = 3, .ofs_y = 0},
    {.bitmap_index = 9525, .adv_w = 478, .box_w = 26, .box_h = 29, .ofs_x = 2, .ofs_y = 0},
    {.bitmap_index = 9902, .adv_w = 477, .box_w = 24, .box_h = 29, .ofs_x = 3, .ofs_y = 0},
    {.bitmap_index = 10250, .adv_w = 174, .box_w = 5, .box_h = 29, .ofs_x = 3, .ofs_y = 0},
    {.bitmap_index = 10323, .adv_w = 368, .box_w = 19, .box_h = 29, .ofs_x = 1, .ofs_y = 0},
    {.bitmap_index = 10599, .adv_w = 440, .box_w = 24, .box_h = 29, .ofs_x = 3, .ofs_y = 0},
    {.bitmap_index = 10947, .adv_w = 362, .box_w = 18, .box_h = 29, .ofs_x = 3, .ofs_y = 0},
    {.bitmap_index = 11208, .adv_w = 584, .box_w = 31, .box_h = 29, .ofs_x = 3, .ofs_y = 0},
    {.bitmap_index = 11658, .adv_w = 484, .box_w = 25, .box_h = 29, .ofs_x = 3, .ofs_y = 0},
    {.bitmap_index = 12021, .adv_w = 491, .box_w = 27, .box_h = 29, .ofs_x = 2, .ofs_y = 0},
    {.bitmap_index = 12413, .adv_w = 411, .box_w = 21, .box_h = 29, .ofs_x = 3, .ofs_y = 0},
    {.bitmap_index = 12718, .adv_w = 492, .box_w = 27, .box_h = 31, .ofs_x = 2, .ofs_y = -2},
    {.bitmap_index = 13137, .adv_w = 415, .box_w = 22, .box_h = 29, .ofs_x = 3, .ofs_y = 0},
    {.bitmap_index = 13456, .adv_w = 413, .box_w = 22, .box_h = 29, .ofs_x = 2, .ofs_y = 0},
    {.bitmap_index = 13775, .adv_w = 418, .box_w = 24, .box_h = 29, .ofs_x = 1, .ofs_y = 0},
    {.bitmap_index = 14123, .adv_w = 474, .box_w = 24, .box_h = 29, .ofs_x = 3, .ofs_y = 0},
    {.bitmap_index = 14471, .adv_w = 454, .box_w = 27, .box_h = 29, .ofs_x = 1, .ofs_y = 0},
    {.bitmap_index = 14863, .adv_w = 642, .box_w = 39, .box_h = 29, .ofs_x = 1, .ofs_y = 0},
    {.bitmap_index = 15429, .adv_w = 448, .box_w = 26, .box_h = 29, .ofs_x = 1, .ofs_y = 0},
    {.bitmap_index = 15806, .adv_w = 446, .box_w = 26, .box_h = 29, .ofs_x = 1, .ofs_y = 0},
    {.bitmap_index = 16183, .adv_w = 410, .box_w = 22, .box_h = 29, .ofs_x = 2, .ofs_y = 0},
    {.bitmap_index = 16502, .adv_w = 236, .box_w = 9, .box_h = 36, .ofs_x = 4, .ofs_y = -5},
    {.bitmap_index = 16664, .adv_w = 237, .box_w = 14, .box_h = 35, .ofs_x = 0, .ofs_y = -4},
    {.bitmap_index = 16909, .adv_w = 236, .box_w = 9, .box_h = 36, .ofs_x = 2, .ofs_y = -5},
    {.bitmap_index = 17071, .adv_w = 305, .box_w = 17, .box_h = 14, .ofs_x = 1, .ofs_y = 15},
    {.bitmap_index = 17190, .adv_w = 296, .box_w = 19, .box_h = 4, .ofs_x = 0, .ofs_y = -4},
    {.bitmap_index = 17228, .adv_w = 216, .box_w = 8, .box_h = 6, .ofs_x = 3, .ofs_y = 25},
    {.bitmap_index = 17252, .adv_w = 363, .box_w = 19, .box_h = 22, .ofs_x = 1, .ofs_y = 0},
    {.bitmap_index = 17461, .adv_w = 396, .box_w = 21, .box_h = 29, .ofs_x = 2, .ofs_y = 0},
    {.bitmap_index = 17766, .adv_w = 369, .box_w = 21, .box_h = 22, .ofs_x = 1, .ofs_y = 0},
    {.bitmap_index = 17997, .adv_w = 396, .box_w = 21, .box_h = 29, .ofs_x = 1, .ofs_y = 0},
    {.bitmap_index = 18302, .adv_w = 376, .box_w = 21, .box_h = 22, .ofs_x = 1, .ofs_y = 0},
    {.bitmap_index = 18533, .adv_w = 243, .box_w = 15, .box_h = 30, .ofs_x = 0, .ofs_y = 0},
    {.bitmap_index = 18758, .adv_w = 397, .box_w = 21, .box_h = 30, .ofs_x = 1, .ofs_y = -8},
    {.bitmap_index = 19073, .adv_w = 385, .box_w = 20, .box_h = 29, .ofs_x = 2, .ofs_y = 0},
    {.bitmap_index = 19363, .adv_w = 161, .box_w = 6, .box_h = 31, .ofs_x = 2, .ofs_y = 0},
    {.bitmap_index = 19456, .adv_w = 161, .box_w = 9, .box_h = 39, .ofs_x = -1, .ofs_y = -8},
    {.bitmap_index = 19632, .adv_w = 358, .box_w = 20, .box_h = 29, .ofs_x = 2, .ofs_y = 0},
    {.bitmap_index = 19922, .adv_w = 161, .box_w = 6, .box_h = 29, .ofs_x = 2, .ofs_y = 0},
    {.bitmap_index = 20009, .adv_w = 568, .box_w = 31, .box_h = 22, .ofs_x = 2, .ofs_y = 0},
    {.bitmap_index = 20350, .adv_w = 385, .box_w = 20, .box_h = 22, .ofs_x = 2, .ofs_y = 0},
    {.bitmap_index = 20570, .adv_w = 387, .box_w = 22, .box_h = 22, .ofs_x = 1, .ofs_y = 0},
    {.bitmap_index = 20812, .adv_w = 396, .box_w = 21, .box_h = 30, .ofs_x = 2, .ofs_y = -8},
    {.bitmap_index = 21127, .adv_w = 396, .box_w = 21, .box_h = 30, .ofs_x = 1, .ofs_y = -8},
    {.bitmap_index = 21442, .adv_w = 248, .box_w = 13, .box_h = 22, .ofs_x = 2, .ofs_y = 0},
    {.bitmap_index = 21585, .adv_w = 345, .box_w = 19, .box_h = 22, .ofs_x = 1, .ofs_y = 0},
    {.bitmap_index = 21794, .adv_w = 218, .box_w = 13, .box_h = 27, .ofs_x = 0, .ofs_y = 0},
    {.bitmap_index = 21970, .adv_w = 385, .box_w = 20, .box_h = 22, .ofs_x = 2, .ofs_y = 0},
    {.bitmap_index = 22190, .adv_w = 368, .box_w = 23, .box_h = 22, .ofs_x = 0, .ofs_y = 0},
    {.bitmap_index = 22443, .adv_w = 531, .box_w = 32, .box_h = 22, .ofs_x = 1, .ofs_y = 0},
    {.bitmap_index = 22795, .adv_w = 357, .box_w = 21, .box_h = 22, .ofs_x = 1, .ofs_y = 0},
    {.bitmap_index = 23026, .adv_w = 368, .box_w = 23, .box_h = 30, .ofs_x = 0, .ofs_y = -8},
    {.bitmap_index = 23371, .adv_w = 358, .box_w = 18, .box_h = 22, .ofs_x = 2, .ofs_y = 0},
    {.bitmap_index = 23569, .adv_w = 282, .box_w = 14, .box_h = 36, .ofs_x = 2, .ofs_y = -5},
    {.bitmap_index = 23821, .adv_w = 221, .box_w = 5, .box_h = 48, .ofs_x = 4, .ofs_y = -9},
    {.bitmap_index = 23941, .adv_w = 282, .box_w = 13, .box_h = 36, .ofs_x = 2, .ofs_y = -5},
    {.bitmap_index = 24175, .adv_w = 427, .box_w = 21, .box_h = 8, .ofs_x = 3, .ofs_y = 8},
    {.bitmap_index = 24259, .adv_w = 178, .box_w = 7, .box_h = 12, .ofs_x = 3, .ofs_y = 18}
};

/*---------------------
 *  CHARACTER MAPPING
 *--------------------*/



/*Collect the unicode lists and glyph_id offsets*/
static const lv_font_fmt_txt_cmap_t cmaps[] =
{
    {
        .range_start = 32, .range_length = 95, .glyph_id_start = 1,
        .unicode_list = NULL, .glyph_id_ofs_list = NULL, .list_length = 0, .type = LV_FONT_FMT_TXT_CMAP_FORMAT0_TINY
    },
    {
        .range_start = 8217, .range_length = 1, .glyph_id_start = 96,
        .unicode_list = NULL, .glyph_id_ofs_list = NULL, .list_length = 0, .type = LV_FONT_FMT_TXT_CMAP_FORMAT0_TINY
    }
};

/*-----------------
 *    KERNING
 *----------------*/


/*Map glyph_ids to kern left classes*/
static const uint8_t kern_left_class_mapping[] =
{
    0, 0, 0, 1, 0, 2, 0, 3,
    1, 4, 0, 5, 6, 7, 6, 7,
    8, 9, 10, 0, 11, 0, 0, 0,
    12, 11, 9, 13, 13, 0, 14, 15,
    16, 17, 18, 19, 20, 21, 0, 22,
    23, 24, 24, 25, 26, 27, 24, 24,
    21, 28, 21, 29, 2, 30, 25, 31,
    32, 33, 34, 35, 4, 36, 0, 5,
    37, 0, 38, 39, 39, 24, 39, 40,
    41, 38, 0, 0, 42, 24, 38, 38,
    39, 39, 41, 43, 44, 45, 46, 47,
    48, 49, 47, 50, 4, 10, 0, 6,
    51
};

/*Map glyph_ids to kern right classes*/
static const uint8_t kern_right_class_mapping[] =
{
    0, 0, 0, 1, 0, 2, 0, 3,
    1, 0, 4, 5, 6, 7, 8, 9,
    10, 11, 12, 0, 13, 14, 0, 11,
    15, 13, 0, 16, 16, 17, 18, 0,
    19, 20, 21, 22, 23, 22, 22, 22,
    23, 22, 22, 24, 22, 22, 22, 22,
    23, 22, 23, 22, 25, 26, 27, 28,
    29, 30, 31, 32, 0, 33, 4, 34,
    35, 0, 36, 22, 37, 37, 37, 38,
    37, 22, 39, 40, 22, 22, 41, 41,
    37, 41, 37, 41, 42, 43, 44, 45,
    46, 47, 45, 48, 0, 49, 4, 50,
    51
};

/*Kern values between classes*/
static const int8_t kern_class_values[] =
{
    0, 0, 0, 0, 0, 0, 0, 0,
    0, 0, 0, 0, 0, 0, 0, 0,
    0, 0, 0, 0, -51, 0, 0, -105,
    0, 0, 0, 0, 0, 0, 0, 0,
    0, 0, 0, 0, -11, 0, 0, 0,
    0, -2, 0, 0, 0, 0, 0, 0,
    0, 0, 0, 0, 0, 0, 0, 0,
    0, 0, 0, 0, 0, 0, 0, 0,
    0, 0, 0, 0, 0, 0, 0, -3,
    0, 0, 0, 0, -4, 0, 0, 0,
    -7, 0, 0, 0, 0, 0, 0, 0,
    0, 0, 0, 0, 0, 0, 0, 0,
    0, 0, 0, 0, 0, 0, 0, 0,
    0, 0, 0, 0, 0, 0, 0, 0,
    0, 0, 0, 0, 0, 0, 0, 0,
    0, 0, 0, 0, 0, 0, 0, -36,
    0, -40, -25, 0, -47, 0, 0, 0,
    0, 0, 0, 0, 0, 0, 0, 0,
    0, 0, -22, -22, 0, 0, 0, 0,
    0, 0, 0, 0, 0, 0, 0, 0,
    0, 0, 0, 0, 0, 0, 0, 0,
    0, 0, 0, 0, 0, 0, 4, 0,
    0, 0, 0, 0, 0, 0, 0, 0,
    0, 0, 0, 0, 0, -6, 0, 0,
    15, 4, 0, 0, 0, 0, 0, 0,
    0, 0, 0, 0, 0, 0, 0, 0,
    0, 0, 0, 0, 0, 0, 0, 0,
    0, 0, 0, 0, 0, 0, 0, 0,
    -54, 0, -8, -62, 0, 0, 0, 0,
    0, 0, 0, 0, 0, 0, 0, 0,
    0, 0, 0, 0, 0, 0, 0, 0,
    0, 0, 0, 0, 0, 0, 0, 0,
    0, 0, 0, 0, 0, 0, 0, 0,
    0, 0, 0, 0, 0, 0, 0, 0,
    0, 0, 0, -22, 0, 0, -29, 0,
    -48, 0, -31, -27, -23, -47, 0, 0,
    0, 0, 0, 0, 0, 0, 0, 0,
    0, 0, 0, 0, 0, -14, 0, 0,
    0, 0, 0, 0, 0, 0, 0, 0,
    0, 0, 0, 0, 0, 0, 0, 0,
    0, 0, 0, 0, 0, 0, 0, 0,
    -28, 0, 0, -22, 0, 0, 0, 0,
    -28, 0, 0, 0, 0, 0, 0, 0,
    0, 0, 0, 0, 0, 0, 0, 0,
    0, 0, 0, 0, 0, 0, 0, 0,
    0, 0, 0, 0, 0, 0, 0, 0,
    0, 0, 0, 0, 0, 0, 0, 0,
    0, -16, 0, 0, -40, 0, 0, 0,
    2, 2, 0, 0, 0, 0, 0, 0,
    -16, -31, 0, 0, 0, 0, 0, 0,
    0, 0, 0, 0, 0, 0, 0, 0,
    0, 0, 0, 0, 0, 0, 0, 0,
    0, 0, 0, 0, 0, 0, 0, 0,
    0, 0, 0, 0, 0, 0, 0, 0,
    0, 0, 0, -10, 0, -22, -22, 0,
    0, 0, 0, 0, 0, 0, 0, 0,
    0, 0, 10, 0, 0, 0, 0, 0,
    0, 0, 0, 0, 0, 0, 0, 0,
    0, 0, 0, 0, 0, 0, 0, 0,
    0, 0, 0, 0, 0, 0, 0, 0,
    0, 0, 0, 0, 0, 0, 0, 0,
    0, 0, 0, 0, 0, 0, 0, 0,
    0, 0, 0, 0, 0, 9, 0, 4,
    0, 0, 0, 0, 0, 0, 0, 0,
    0, 0, 0, 0, 0, 0, 0, 0,
    0, 0, 0, 0, 0, 0, 0, 0,
    0, 0, 0, 0, 0, 0, 0, 0,
    0, 0, 0, -13, 0, 0, 0, 0,
    0, 0, 0, 0, 0, 0, 0, 0,
    0, 0, 0, 0, 0, 0, 0, 0,
    0, 0, 0, 0, 0, 0, 0, 0,
    0, 0, 0, 0, 0, 0, 0, 0,
    0, 0, 0, 0, 0, -69, 0, 0,
    -62, 0, 0, 0, 0, 0, 0, 0,
    0, 0, 0, 0, -29, -32, 0, 0,
    0, -32, -25, 0, 0, 0, 0, 0,
    0, 0, 0, 0, 0, 0, 0, 0,
    0, 0, 0, 0, 0, 0, 0, 0,
    0, 0, 0, 0, 0, 0, 0, 0,
    0, 0, 0, 0, 0, -22, 0, -40,
    0, 0, 0, 0, 0, 0, 0, 0,
    0, 0, 0, 0, 0, 0, 0, 0,
    0, 0, 0, 0, 0, 0, 0, 0,
    0, 0, 0, 0, 0, 0, 0, 0,
    0, 0, 0, 0, 0, 0, 0, 0,
    0, 0, 0, -32, 0, 0, 0, 0,
    -29, 0, -43, -40, -32, -62, 0, 0,
    0, 0, 0, 0, 0, 0, 0, 0,
    0, 0, 0, -25, 0, -22, 0, 0,
    0, 0, 0, 0, 0, 0, 0, 0,
    0, 0, 0, 0, 0, 0, 0, 0,
    0, 0, 0, 0, 0, 0, -8, 0,
    0, 0, 0, -51, 0, -47, -47, -36,
    -58, -40, 0, 0, 0, 0, 0, 0,
    0, 0, 0, 0, 0, 0, 0, 0,
    0, 0, 0, 0, 0, 0, 0, 0,
    0, 0, 0, 0, 0, 0, 0, 0,
    0, 0, 0, 0, 0, 0, 0, 0,
    0, -40, 0, 0, 0, 0, 0, 0,
    0, 0, 0, 0, 0, 0, 0, 0,
    0, 0, 0, 0, 0, 0, 0, 0,
    0, 0, 0, 0, 0, 0, 0, 0,
    0, 0, 0, 0, 0, 0, 0, 0,
    0, 0, 0, 0, 0, 0, 0, 0,
    0, 0, 0, 0, -23, 0, 0, 0,
    0, -19, 0, -23, -5, -26, -23, 0,
    0, 0, 0, 0, 0, 0, 0, 0,
    0, 0, 0, 0, 0, 0, 0, 0,
    0, 0, 0, -51, -3, 0, 0, -54,
    -22, 0, -22, 0, 11, 0, -25, 0,
    0, 0, 0, -8, -32, -40, -23, 9,
    0, -23, 0, -3, -55, -12, -46, -39,
    0, -48, 0, -46, -54, 0, 0, -9,
    -2, 3, 0, 0, -2, -14, 0, -43,
    -43, 0, 0, 0, -22, -65, 0, 0,
    0, 0, 0, 0, 0, 0, 0, 0,
    0, 0, 0, 0, 0, 0, 0, 0,
    0, 0, 0, 0, 0, 0, 0, -36,
    0, 0, 0, 0, 0, 0, 0, 0,
    0, 0, 0, 0, 0, 0, 0, 0,
    0, 0, 0, 0, 0, 0, 0, 0,
    0, 0, 0, 0, 0, 0, 0, 0,
    0, 0, 0, 0, 0, 0, 0, 0,
    0, 0, 0, 0, 0, -14, 0, 0,
    0, 0, 0, 0, 0, 0, -5, 0,
    0, 0, 0, -25, 0, 0, 0, 0,
    0, 0, 0, 0, 0, 1, 0, 0,
    0, 0, 0, 0, 0, 0, 0, 0,
    0, 0, -28, 0, -28, -25, 0, 0,
    0, 0, 0, 0, 0, 0, 0, 0,
    -23, 0, 0, 0, 0, -19, 0, -23,
    -5, -26, -23, 0, -23, 0, -25, 0,
    0, 0, 0, 0, 0, 0, 0, 0,
    0, 0, 0, 0, 0, 0, 0, 0,
    0, 0, 0, 0, 0, -25, 0, -22,
    0, 0, 0, 0, 0, 0, 0, 0,
    0, 0, 0, -58, 0, 0, -43, 0,
    0, 0, 0, 0, 0, 0, 0, 0,
    0, -22, -14, -23, 0, 0, 0, -17,
    0, 0, -22, -22, 0, 0, -22, 0,
    0, 0, 0, 0, 0, 0, 0, 0,
    0, 0, 0, 0, 0, 0, 0, 0,
    0, 0, 0, 0, 0, 0, -16, 0,
    0, 0, 0, -19, 0, -14, 0, -5,
    -16, 0, -14, 0, 0, 0, 0, 0,
    0, 0, 0, 0, 0, 0, 0, 0,
    0, 0, 0, 0, 0, 0, 0, 0,
    4, 0, 0, 0, 0, 0, 0, 0,
    0, 0, 0, 0, 0, 0, 0, 0,
    0, 0, 0, 0, 0, 0, 0, 0,
    0, 0, 0, 0, 0, 0, 0, 4,
    0, 0, 0, 0, 0, 0, 0, 9,
    0, 4, 0, 0, 0, 0, 0, 0,
    0, 0, 0, 0, 0, 0, -22, 0,
    -22, -36, 0, 0, 0, 0, 0, 0,
    0, 0, 0, 0, -12, 0, 0, 0,
    0, 0, 0, 0, 0, 0, 0, 0,
    0, 0, -32, 0, 0, 0, 0, 0,
    0, 0, 0, 0, 0, 0, 0, 0,
    0, 0, 0, 0, -6, 0, 0, 0,
    -62, 0, -62, 0, 0, 0, 0, 0,
    0, 0, 0, -43, -22, 0, -23, 0,
    0, -23, 0, -6, 0, 0, 0, 0,
    0, 0, 0, 0, 0, 0, 0, -25,
    0, 8, 0, 0, 0, 0, -22, -25,
    -40, 0, 0, 0, -62, 0, -58, 0,
    0, 0, -25, -50, 0, -32, 0, 0,
    0, -29, 0, 0, 0, 0, 0, 0,
    0, -18, 0, 0, -18, 0, 0, -60,
    0, -45, -8, 0, -33, 0, -45, -83,
    0, 0, 0, 0, 0, 0, 0, 0,
    -14, 0, -43, 0, 0, 0, 0, -25,
    -36, 0, 0, -22, 0, 0, -24, -25,
    -24, -22, 0, 0, 0, 0, 0, 0,
    0, 0, 0, 0, 0, -49, 0, 0,
    -62, 0, 0, 0, 0, 0, 0, 0,
    0, 0, 0, 0, -3, -4, 0, 0,
    0, 0, 0, 0, 0, 0, 0, 0,
    0, 0, -24, 0, 0, 0, 0, 0,
    0, 0, 0, 0, 0, 0, 0, 0,
    0, 0, 0, 0, 0, 0, 0, 0,
    0, 0, 0, 0, 0, 0, 0, -11,
    0, 0, -17, 0, -11, 0, 0, -3,
    -9, 0, 0, 0, 0, 0, 0, 0,
    0, 0, 0, 0, 0, 0, 0, 0,
    -1, -22, 0, 0, -42, -22, -42, -22,
    -32, -22, 0, 0, -43, -51, -22, -51,
    -22, 0, -19, -55, 0, -19, -58, -1,
    0, 0, 0, 0, 0, 10, 0, 0,
    0, -36, -47, -50, 0, 0, 0, -36,
    -47, -65, -47, -40, -40, -33, -29, 0,
    -42, 0, 0, 0, -32, 0, 0, -34,
    -62, -34, -62, -31, -10, 0, 0, -22,
    0, -40, -47, -40, 0, -22, -46, 0,
    -23, -62, 0, 0, 0, 9, 0, 0,
    0, 0, 9, 0, -51, -33, -35, 0,
    0, 0, -2, -29, 0, 0, 0, 0,
    0, 0, 0, -34, 0, 0, -1, -32,
    0, 0, -31, -62, -31, -62, -7, 0,
    0, 0, -22, 0, -32, -47, -40, 0,
    -5, -39, 0, -5, -40, -1, 0, 0,
    2, 15, 0, 0, 0, 2, 0, 0,
    -34, -32, 0, 0, 0, -22, -22, 0,
    0, 0, 0, 0, 0, 0, -31, 0,
    0, -7, 0, 0, 0, -23, 0, -23,
    0, 0, -22, 0, -13, -25, 0, 0,
    -36, -32, 0, -26, 0, 0, -26, 0,
    -7, -25, 0, 0, 0, 0, 0, 0,
    0, 0, 0, -36, -18, 0, 0, 0,
    0, 0, 0, 0, 0, 0, 0, 0,
    0, -22, 0, 0, 0, -40, 0, 0,
    -47, -28, -47, -28, 0, 0, 0, 0,
    -43, 0, -40, -65, -62, 0, -23, -48,
    0, -23, -22, 0, 10, 0, 0, 0,
    0, 0, 0, 0, 0, 0, -52, -56,
    0, -17, 0, -25, -43, 0, -25, 0,
    0, 0, 0, 0, -47, 0, 0, 0,
    0, 0, 0, -25, 0, -25, 0, 0,
    0, 0, 0, 0, 0, 0, -40, 0,
    0, -22, 0, 0, -22, 0, 0, 0,
    0, 0, 0, 0, 0, 0, 0, 0,
    0, 0, 0, 0, 0, 0, 0, 0,
    0, 0, 0, 0, 0, 0, 0, -25,
    0, 0, 0, 0, 0, 0, 0, 0,
    0, 0, 0, 0, 0, 0, 0, 0,
    0, 0, 0, 0, 0, 9, 0, -23,
    0, -3, -25, -12, -31, -37, 0, -48,
    0, 0, 0, 0, 0, -9, -2, 3,
    0, 0, -2, -14, 0, -32, -43, 0,
    0, 0, 0, 0, 0, 0, 0, 0,
    0, 0, 0, 0, 0, 0, 0, 0,
    0, 0, 0, 0, 0, 0, 0, 0,
    0, 22, -25, 0, 0, -36, -25, -51,
    0, 0, 0, 0, 0, 0, 0, 0,
    0, 0, 18, 62, 22, 0, 0, 0,
    -51, 0, 0, 0, 0, 0, 0, -4,
    0, 0, 0, 0, 0, 0, 0, 0,
    0, 0, -25, 0, 0, 0, 0, 0,
    0, 0, 0, 0, 0, 0, 0, 0,
    -44, 0, -42, -32, 0, -52, 0, -42,
    0, 0, 0, 0, -1, 0, 0, 0,
    0, -1, 0, -10, -6, 0, 0, 0,
    0, -14, -11, 0, 0, -7, 0, 0,
    0, 0, 0, -9, 0, -22, 0, 0,
    0, 0, 0, 0, 0, 0, -22, 0,
    0, 0, 0, -50, 0, -31, -32, -18,
    -60, 0, -31, 0, 0, 6, 0, 0,
    0, 0, 0, 0, 0, 0, -12, -11,
    -14, -11, 0, 0, -15, 0, 0, 0,
    0, 0, -17, -36, -17, -36, -15, 0,
    0, 0, -40, 0, 0, 0, 0, 0,
    0, -22, 0, 0, -40, 0, 0, 0,
    0, 0, 0, 5, 0, 0, 0, -9,
    -11, -17, -26, 2, 1, 0, -13, -23,
    0, 0, 11, 0, 0, 0, -17, 0,
    0, 0, 0, 0, 0, 0, 0, 0,
    0, 0, 0, 0, 0, 0, 0, 0,
    0, 0, 0, 0, 0, 0, 0, 0,
    0, -32, 0, 0, 0, 0, 0, 0,
    0, 0, 0, 0, 0, 0, 0, 2,
    0, 0, 0, 0, 0, 0, 0, 0,
    0, 0, 0, 0, 0, 0, 0, 0,
    -32, 0, -32, 0, 0, 0, 0, 0,
    -29, 0, 0, -54, 0, 0, 0, 0,
    0, 0, 0, 0, -36, 0, 0, 0,
    0, 0, 0, 0, 0, 0, 0, -14,
    0, 0, 0, 0, 0, 0, 0, 2,
    0, 0, 0, 0, -32, 0, 0, 0,
    0, 0, 0, -25, -40, -25, -40, -21,
    0, 0, 0, 0, 0, 0, -25, 0,
    0, 0, -25, 10, 0, -36, 0, -36,
    0, 0, 0, 0, 0, -22, 0, 0,
    0, -3, -12, 11, 5, 10, 8, 0,
    11, 0, 10, 5, 10, 0, 10, -25,
    10, -2, 0, 0, 0, 0, 0, 0,
    0, 0, 0, 0, 0, 0, 0, 0,
    0, 0, 0, 0, 0, 0, 0, 0,
    0, 0, -47, 0, -29, -22, 0, -47,
    0, -29, 0, 0, 0, 0, 0, 0,
    0, 0, 0, 0, 0, 0, 0, 0,
    0, 0, 0, 0, 0, 0, 0, 0,
    0, -12, 0, -12, 0, 0, 0, 0,
    0, -7, 0, 0, -18, 0, 0, 0,
    0, 1, 0, 0, 0, -22, 0, -5,
    -5, 0, -8, 0, -5, 0, 0, 3,
    -6, -17, 0, 6, 0, -6, -2, 0,
    13, 11, 0, 0, 1, -12, 3, 0,
    0, 0, 0, 0, -25, 0, -25, 0,
    -22, 0, 0, 0, 0, 0, 0, -25,
    0, 0, 0, 0, 0, 0, 0, 0,
    -32, 0, 0, 0, 0, -36, 0, 0,
    0, -22, 0, 0, 0, 0, 0, 0,
    0, 0, 0, 0, 0, 0, 0, 0,
    -25, 9, 0, 0, 0, 0, 0, -25,
    -27, -25, -27, -36, 0, 0, 0, 0,
    0, 0, -22, -25, 0, 0, -43, 3,
    0, -40, 0, -22, 0, 0, 0, 0,
    -22, 0, 0, 0, -51, -4, -12, 9,
    0, 0, 0, 0, 10, 0, 0, 0,
    0, 0, 3, -25, 0, 0, 0, -22,
    0, 0, 0, -47, 0, -47, 0, 0,
    0, 0, 0, 0, 0, 0, 0, 0,
    0, -43, 0, 0, -36, 0, -32, 0,
    0, 0, 0, 0, -22, 0, 0, 0,
    0, -11, 0, 0, 0, 0, 0, 0,
    0, 0, 0, 0, 0, 0, 0, 0,
    0, 0, 0, 0, 0, -14, 0, -14,
    0, 0, 0, 0, 0, 0, 0, 0,
    0, -22, 0, 0, 0, 0, 0, 0,
    0, -33, 0, 0, 0, 0, 0, 0,
    0, 0, 0, 0, -14, 11, 0, 0,
    0, 0, 11, 0, 0, 0, 0, 0,
    0, -14, 0, 0, 0, 0, 0, 0,
    0, 0, 0, 0, 0, 0, 0, 0,
    0, 0, 0, 0, 0, 0, 0, 0,
    0, 0, 0, 0, -22, 0, 0, 0,
    0, 0, 0, 0, 0, 0, 0, -11,
    0, 0, 0, 0, 0, 0, 0, 0,
    0, 0, 0, 0, 0, 0, 0, 0,
    0, 0, 0, 0, 0, 0, 0, 0,
    0, 0, 0, 0, 0, 0, 0, 0,
    0, 0, -87, 0, -36, -80, 0, 0,
    0, 0, 0, 0, 0, 0, 0, 0,
    0, -36, -40, 0, 0, 0, -15, -47,
    8, -25, 8, 0, 0, 0, 0, 0,
    0
};


/*Collect the kern class' data in one place*/
static const lv_font_fmt_txt_kern_classes_t kern_classes =
{
    .class_pair_values   = kern_class_values,
    .left_class_mapping  = kern_left_class_mapping,
    .right_class_mapping = kern_right_class_mapping,
    .left_class_cnt      = 51,
    .right_class_cnt     = 51,
};

/*--------------------
 *  ALL CUSTOM DATA
 *--------------------*/

#if LVGL_VERSION_MAJOR == 8
/*Store all the custom data of the font*/
static  lv_font_fmt_txt_glyph_cache_t cache;
#endif

#if LVGL_VERSION_MAJOR >= 8
static const lv_font_fmt_txt_dsc_t font_dsc = {
#else
static lv_font_fmt_txt_dsc_t font_dsc = {
#endif
    .glyph_bitmap = glyph_bitmap,
    .glyph_dsc = glyph_dsc,
    .cmaps = cmaps,
    .kern_dsc = &kern_classes,
    .kern_scale = 16,
    .cmap_num = 2,
    .bpp = 4,
    .kern_classes = 1,
    .bitmap_format = 0,
#if LVGL_VERSION_MAJOR == 8
    .cache = &cache
#endif
};



/*-----------------
 *  PUBLIC FONT
 *----------------*/

/*Initialize a public general font descriptor*/
#if LVGL_VERSION_MAJOR >= 8
const lv_font_t inter_tune = {
#else
lv_font_t inter_tune = {
#endif
    .get_glyph_dsc = lv_font_get_glyph_dsc_fmt_txt,    /*Function pointer to get glyph's data*/
    .get_glyph_bitmap = lv_font_get_bitmap_fmt_txt,    /*Function pointer to get glyph's bitmap*/
    .line_height = 48,          /*The maximum line height required by the font*/
    .base_line = 9,             /*Baseline measured from the bottom of the line*/
#if !(LVGL_VERSION_MAJOR == 6 && LVGL_VERSION_MINOR == 0)
    .subpx = LV_FONT_SUBPX_NONE,
#endif
#if LV_VERSION_CHECK(7, 4, 0) || LVGL_VERSION_MAJOR >= 8
    .underline_position = -7,
    .underline_thickness = 3,
#endif
    .dsc = &font_dsc,          /*The custom font data. Will be accessed by `get_glyph_bitmap/dsc` */
#if LV_VERSION_CHECK(8, 2, 0) || LVGL_VERSION_MAJOR >= 9
    .fallback = NULL,
#endif
    .user_data = NULL,
};



#endif /*#if INTER_TUNE*/
